"@timestamp","_id","_index","_score",env,"env.keyword",level,"level.keyword",message,"message.keyword","metadata.env","metadata.env.keyword","metadata.environment","metadata.environment.keyword","metadata.host","metadata.host.keyword","metadata.hostname","metadata.hostname.keyword","metadata.method","metadata.method.keyword","metadata.port","metadata.remoteAddress","metadata.remoteAddress.keyword","metadata.requestId","metadata.requestId.keyword","metadata.responseTime","metadata.service","metadata.service.keyword","metadata.statusCode","metadata.timestamp","metadata.url","metadata.url.keyword",service,"service.keyword"
"Nov 21, 2025 @ 11:48:34.244","4ckQpZoBKNps3ga0g_b-","app-logs-2025.11.21","-",development,development,info,info,"Request completed","Request completed",development,development,"-","-","-","-","-","-",GET,GET,"-","-","-","req-2v","req-2v","1,894.922","wrapper-backend","wrapper-backend",200,"Nov 21, 2025 @ 11:48:34.244","/api/notifications?","/api/notifications?","wrapper-backend","wrapper-backend"
"Nov 21, 2025 @ 11:48:32.349",4MkQpZoBKNps3ga0fPYh,"app-logs-2025.11.21","-",development,development,info,info,"Incoming request","Incoming request",development,development,"-","-","-","-","localhost:3000","localhost:3000",GET,GET,"-","127.0.0.1","127.0.0.1","req-2v","req-2v","-","wrapper-backend","wrapper-backend","-","Nov 21, 2025 @ 11:48:32.349","/api/notifications?","/api/notifications?","wrapper-backend","wrapper-backend"
"Nov 21, 2025 @ 11:48:22.257",38kQpZoBKNps3ga0VPa0,"app-logs-2025.11.21","-",development,development,info,info,"Request completed","Request completed",development,development,"-","-","-","-","-","-",GET,GET,"-","-","-","req-2u","req-2u","3,907.627","wrapper-backend","wrapper-backend",200,"Nov 21, 2025 @ 11:48:22.256","/api/notifications?","/api/notifications?","wrapper-backend","wrapper-backend"
"Nov 21, 2025 @ 11:48:18.350",3skQpZoBKNps3ga0RfZ2,"app-logs-2025.11.21","-",development,development,info,info,"Incoming request","Incoming request",development,development,"-","-","-","-","localhost:3000","localhost:3000",GET,GET,"-","127.0.0.1","127.0.0.1","req-2u","req-2u","-","wrapper-backend","wrapper-backend","-","Nov 21, 2025 @ 11:48:18.349","/api/notifications?","/api/notifications?","wrapper-backend","wrapper-backend"
"Nov 21, 2025 @ 11:48:07.546",3ckQpZoBKNps3ga0HvaJ,"app-logs-2025.11.21","-",development,development,info,info,"Request completed","Request completed",development,development,"-","-","-","-","-","-",GET,GET,"-","-","-","req-2t","req-2t","1,197.691","wrapper-backend","wrapper-backend",200,"Nov 21, 2025 @ 11:48:07.546","/api/notifications?","/api/notifications?","wrapper-backend","wrapper-backend"
"Nov 21, 2025 @ 11:48:06.349",28kQpZoBKNps3ga0Fvax,"app-logs-2025.11.21","-",development,development,info,info,"Incoming request","Incoming request",development,development,"-","-","-","-","localhost:3000","localhost:3000",GET,GET,"-","127.0.0.1","127.0.0.1","req-2t","req-2t","-","wrapper-backend","wrapper-backend","-","Nov 21, 2025 @ 11:48:06.348","/api/notifications?","/api/notifications?","wrapper-backend","wrapper-backend"
"Nov 21, 2025 @ 11:48:05.036",3MkQpZoBKNps3ga0Fvax,"app-logs-2025.11.21","-",development,development,info,info,"Request completed","Request completed",development,development,"-","-","-","-","-","-",GET,GET,"-","-","-","req-2s","req-2s","1,164.112","wrapper-backend","wrapper-backend",200,"Nov 21, 2025 @ 11:48:05.036","/api/notifications/unread-count","/api/notifications/unread-count","wrapper-backend","wrapper-backend"
"Nov 21, 2025 @ 11:48:03.872",2ckQpZoBKNps3ga0DvbY,"app-logs-2025.11.21","-",development,development,info,info,"Incoming request","Incoming request",development,development,"-","-","-","-","localhost:3000","localhost:3000",GET,GET,"-","127.0.0.1","127.0.0.1","req-2s","req-2s","-","wrapper-backend","wrapper-backend","-","Nov 21, 2025 @ 11:48:03.871","/api/notifications/unread-count","/api/notifications/unread-count","wrapper-backend","wrapper-backend"
"Nov 21, 2025 @ 11:48:03.869",2skQpZoBKNps3ga0DvbY,"app-logs-2025.11.21","-",development,development,info,info,"Request completed","Request completed",development,development,"-","-","-","-","-","-",GET,GET,"-","-","-","req-2r","req-2r","1,865.123","wrapper-backend","wrapper-backend",200,"Nov 21, 2025 @ 11:48:03.869","/api/notifications/unread-count","/api/notifications/unread-count","wrapper-backend","wrapper-backend"
"Nov 21, 2025 @ 11:48:02.004",18kQpZoBKNps3ga0Bvb6,"app-logs-2025.11.21","-",development,development,info,info,"Incoming request","Incoming request",development,development,"-","-","-","-","localhost:3000","localhost:3000",GET,GET,"-","127.0.0.1","127.0.0.1","req-2r","req-2r","-","wrapper-backend","wrapper-backend","-","Nov 21, 2025 @ 11:48:02.003","/api/notifications/unread-count","/api/notifications/unread-count","wrapper-backend","wrapper-backend"
"Nov 21, 2025 @ 11:48:02.000",2MkQpZoBKNps3ga0Bvb6,"app-logs-2025.11.21","-",development,development,info,info,"Request completed","Request completed",development,development,"-","-","-","-","-","-",GET,GET,"-","-","-","req-2q","req-2q","1,650.256","wrapper-backend","wrapper-backend",200,"Nov 21, 2025 @ 11:48:01.999","/api/notifications/unread-count","/api/notifications/unread-count","wrapper-backend","wrapper-backend"
"Nov 21, 2025 @ 11:48:00.347","1skPpZoBKNps3ga0__Yf","app-logs-2025.11.21","-",development,development,info,info,"Incoming request","Incoming request",development,development,"-","-","-","-","localhost:3000","localhost:3000",GET,GET,"-","127.0.0.1","127.0.0.1","req-2q","req-2q","-","wrapper-backend","wrapper-backend","-","Nov 21, 2025 @ 11:48:00.347","/api/notifications/unread-count","/api/notifications/unread-count","wrapper-backend","wrapper-backend"
"Nov 21, 2025 @ 11:47:55.700",1ckPpZoBKNps3ga07Pb3,"app-logs-2025.11.21","-",development,development,info,info,"Request completed","Request completed",development,development,"-","-","-","-","-","-",GET,GET,"-","-","-","req-2p","req-2p","2,352.479","wrapper-backend","wrapper-backend",200,"Nov 21, 2025 @ 11:47:55.700","/api/notifications?","/api/notifications?","wrapper-backend","wrapper-backend"
"Nov 21, 2025 @ 11:47:53.348","1MkPpZoBKNps3ga04_bG","app-logs-2025.11.21","-",development,development,info,info,"Incoming request","Incoming request",development,development,"-","-","-","-","localhost:3000","localhost:3000",GET,GET,"-","127.0.0.1","127.0.0.1","req-2p","req-2p","-","wrapper-backend","wrapper-backend","-","Nov 21, 2025 @ 11:47:53.347","/api/notifications?","/api/notifications?","wrapper-backend","wrapper-backend"
"Nov 21, 2025 @ 11:47:43.159","08kPpZoBKNps3ga0u_b5","app-logs-2025.11.21","-",development,development,info,info,"Request completed","Request completed",development,development,"-","-","-","-","-","-",GET,GET,"-","-","-","req-2o","req-2o","1,810.713","wrapper-backend","wrapper-backend",200,"Nov 21, 2025 @ 11:47:43.159","/api/notifications?","/api/notifications?","wrapper-backend","wrapper-backend"
"Nov 21, 2025 @ 11:47:41.348",0skPpZoBKNps3ga0tPbm,"app-logs-2025.11.21","-",development,development,info,info,"Incoming request","Incoming request",development,development,"-","-","-","-","localhost:3000","localhost:3000",GET,GET,"-","127.0.0.1","127.0.0.1","req-2o","req-2o","-","wrapper-backend","wrapper-backend","-","Nov 21, 2025 @ 11:47:41.348","/api/notifications?","/api/notifications?","wrapper-backend","wrapper-backend"
"Nov 21, 2025 @ 11:47:38.161","z8kPpZoBKNps3ga0q_YN","app-logs-2025.11.21","-",development,development,info,info,"Request completed","Request completed",development,development,"-","-","-","-","-","-",GET,GET,"-","-","-","req-2n","req-2n","1,101.23","wrapper-backend","wrapper-backend",200,"Nov 21, 2025 @ 11:47:38.160","/api/notifications/unread-count","/api/notifications/unread-count","wrapper-backend","wrapper-backend"
"Nov 21, 2025 @ 11:47:37.059","0MkPpZoBKNps3ga0q_YN","app-logs-2025.11.21","-",development,development,info,info,"Incoming request","Incoming request",development,development,"-","-","-","-","localhost:3000","localhost:3000",GET,GET,"-","127.0.0.1","127.0.0.1","req-2n","req-2n","-","wrapper-backend","wrapper-backend","-","Nov 21, 2025 @ 11:47:37.059","/api/notifications/unread-count","/api/notifications/unread-count","wrapper-backend","wrapper-backend"
"Nov 21, 2025 @ 11:47:37.057","0ckPpZoBKNps3ga0q_YN","app-logs-2025.11.21","-",development,development,info,info,"Request completed","Request completed",development,development,"-","-","-","-","-","-",GET,GET,"-","-","-","req-2m","req-2m","1,197.487","wrapper-backend","wrapper-backend",200,"Nov 21, 2025 @ 11:47:37.057","/api/notifications/unread-count","/api/notifications/unread-count","wrapper-backend","wrapper-backend"
"Nov 21, 2025 @ 11:47:35.859","zckPpZoBKNps3ga0o_Yz","app-logs-2025.11.21","-",development,development,info,info,"Incoming request","Incoming request",development,development,"-","-","-","-","localhost:3000","localhost:3000",GET,GET,"-","127.0.0.1","127.0.0.1","req-2m","req-2m","-","wrapper-backend","wrapper-backend","-","Nov 21, 2025 @ 11:47:35.859","/api/notifications/unread-count","/api/notifications/unread-count","wrapper-backend","wrapper-backend"
"Nov 21, 2025 @ 11:47:35.857","zskPpZoBKNps3ga0o_Yz","app-logs-2025.11.21","-",development,development,info,info,"Request completed","Request completed",development,development,"-","-","-","-","-","-",GET,GET,"-","-","-","req-2l","req-2l","1,393.268","wrapper-backend","wrapper-backend",200,"Nov 21, 2025 @ 11:47:35.857","/api/notifications/unread-count","/api/notifications/unread-count","wrapper-backend","wrapper-backend"
"Nov 21, 2025 @ 11:47:34.464","yMkPpZoBKNps3ga0m_ZZ","app-logs-2025.11.21","-",development,development,info,info,"Incoming request","Incoming request",development,development,"-","-","-","-","localhost:3000","localhost:3000",GET,GET,"-","127.0.0.1","127.0.0.1","req-2l","req-2l","-","wrapper-backend","wrapper-backend","-","Nov 21, 2025 @ 11:47:34.464","/api/notifications/unread-count","/api/notifications/unread-count","wrapper-backend","wrapper-backend"
"Nov 21, 2025 @ 11:47:34.462","yckPpZoBKNps3ga0m_ZZ","app-logs-2025.11.21","-",development,development,info,info,"Request completed","Request completed",development,development,"-","-","-","-","-","-",GET,GET,"-","-","-","req-2k","req-2k","1,378.649","wrapper-backend","wrapper-backend",200,"Nov 21, 2025 @ 11:47:34.462","/api/notifications/unread-count","/api/notifications/unread-count","wrapper-backend","wrapper-backend"
"Nov 21, 2025 @ 11:47:33.083","yskPpZoBKNps3ga0m_ZZ","app-logs-2025.11.21","-",development,development,info,info,"Incoming request","Incoming request",development,development,"-","-","-","-","localhost:3000","localhost:3000",GET,GET,"-","127.0.0.1","127.0.0.1","req-2k","req-2k","-","wrapper-backend","wrapper-backend","-","Nov 21, 2025 @ 11:47:33.083","/api/notifications/unread-count","/api/notifications/unread-count","wrapper-backend","wrapper-backend"
"Nov 21, 2025 @ 11:47:33.081","y8kPpZoBKNps3ga0m_ZZ","app-logs-2025.11.21","-",development,development,info,info,"Request completed","Request completed",development,development,"-","-","-","-","-","-",GET,GET,"-","-","-","req-2j","req-2j","1,032.481","wrapper-backend","wrapper-backend",200,"Nov 21, 2025 @ 11:47:33.080","/api/notifications/unread-count","/api/notifications/unread-count","wrapper-backend","wrapper-backend"
"Nov 21, 2025 @ 11:47:32.872","zMkPpZoBKNps3ga0m_ZZ","app-logs-2025.11.21","-",development,development,info,info,"Request completed","Request completed",development,development,"-","-","-","-","-","-",GET,GET,"-","-","-","req-2g","req-2g","8,474.217","wrapper-backend","wrapper-backend",200,"Nov 21, 2025 @ 11:47:32.871","/api/credits/current","/api/credits/current","wrapper-backend","wrapper-backend"
"Nov 21, 2025 @ 11:47:32.466","wckPpZoBKNps3ga0k_Z-","app-logs-2025.11.21","-",development,development,info,info,"Request completed","Request completed",development,development,"-","-","-","-","-","-",GET,GET,"-","-","-","req-2h","req-2h","8,066.336","wrapper-backend","wrapper-backend",200,"Nov 21, 2025 @ 11:47:32.465","/api/api/subscriptions/current","/api/api/subscriptions/current","wrapper-backend","wrapper-backend"
"Nov 21, 2025 @ 11:47:32.048","wskPpZoBKNps3ga0k_Z-","app-logs-2025.11.21","-",development,development,info,info,"Incoming request","Incoming request",development,development,"-","-","-","-","localhost:3000","localhost:3000",GET,GET,"-","127.0.0.1","127.0.0.1","req-2j","req-2j","-","wrapper-backend","wrapper-backend","-","Nov 21, 2025 @ 11:47:32.048","/api/notifications/unread-count","/api/notifications/unread-count","wrapper-backend","wrapper-backend"
"Nov 21, 2025 @ 11:47:32.046","w8kPpZoBKNps3ga0k_Z-","app-logs-2025.11.21","-",development,development,info,info,"Request completed","Request completed",development,development,"-","-","-","-","-","-",GET,GET,"-","-","-","req-2i","req-2i","1,281.373","wrapper-backend","wrapper-backend",200,"Nov 21, 2025 @ 11:47:32.046","/api/notifications/unread-count","/api/notifications/unread-count","wrapper-backend","wrapper-backend"
"Nov 21, 2025 @ 11:47:32.045","xMkPpZoBKNps3ga0k_Z-","app-logs-2025.11.21","-",development,development,info,info,"Request completed","Request completed",development,development,"-","-","-","-","-","-",GET,GET,"-","-","-","req-2f","req-2f","7,648.778","wrapper-backend","wrapper-backend",200,"Nov 21, 2025 @ 11:47:32.045","/api/admin/entity-scope","/api/admin/entity-scope","wrapper-backend","wrapper-backend"
"Nov 21, 2025 @ 11:47:31.460","xckPpZoBKNps3ga0k_Z-","app-logs-2025.11.21","-",development,development,info,info,"Request completed","Request completed",development,development,"-","-","-","-","-","-",GET,GET,"-","-","-","req-2e","req-2e","7,064.659","wrapper-backend","wrapper-backend",200,"Nov 21, 2025 @ 11:47:31.460","/api/onboarding/status","/api/onboarding/status","wrapper-backend","wrapper-backend"
"Nov 21, 2025 @ 11:47:31.080","xskPpZoBKNps3ga0k_Z-","app-logs-2025.11.21","-",development,development,info,info,"Request completed","Request completed",development,development,"-","-","-","-","-","-",GET,GET,"-","-","-","req-2c","req-2c","9,732.456","wrapper-backend","wrapper-backend",200,"Nov 21, 2025 @ 11:47:31.080","/api/notifications?","/api/notifications?","wrapper-backend","wrapper-backend"
"Nov 21, 2025 @ 11:47:30.765","x8kPpZoBKNps3ga0k_Z-","app-logs-2025.11.21","-",development,development,info,info,"Incoming request","Incoming request",development,development,"-","-","-","-","localhost:3000","localhost:3000",GET,GET,"-","127.0.0.1","127.0.0.1","req-2i","req-2i","-","wrapper-backend","wrapper-backend","-","Nov 21, 2025 @ 11:47:30.765","/api/notifications/unread-count","/api/notifications/unread-count","wrapper-backend","wrapper-backend"
"Nov 21, 2025 @ 11:47:30.762","wMkPpZoBKNps3ga0i_aP","app-logs-2025.11.21","-",development,development,info,info,"Request completed","Request completed",development,development,"-","-","-","-","-","-",GET,GET,"-","-","-","req-2d","req-2d","6,368.977","wrapper-backend","wrapper-backend",200,"Nov 21, 2025 @ 11:47:30.761","/api/admin/auth-status","/api/admin/auth-status","wrapper-backend","wrapper-backend"
"Nov 21, 2025 @ 11:47:24.399",vMkPpZoBKNps3ga0dvZu,"app-logs-2025.11.21","-",development,development,info,info,"Incoming request","Incoming request",development,development,"-","-","-","-","localhost:3000","localhost:3000",GET,GET,"-","127.0.0.1","127.0.0.1","req-2h","req-2h","-","wrapper-backend","wrapper-backend","-","Nov 21, 2025 @ 11:47:24.399","/api/api/subscriptions/current","/api/api/subscriptions/current","wrapper-backend","wrapper-backend"
"Nov 21, 2025 @ 11:47:24.397",vckPpZoBKNps3ga0dvZu,"app-logs-2025.11.21","-",development,development,info,info,"Incoming request","Incoming request",development,development,"-","-","-","-","localhost:3000","localhost:3000",GET,GET,"-","127.0.0.1","127.0.0.1","req-2g","req-2g","-","wrapper-backend","wrapper-backend","-","Nov 21, 2025 @ 11:47:24.397","/api/credits/current","/api/credits/current","wrapper-backend","wrapper-backend"
"Nov 21, 2025 @ 11:47:24.396",vskPpZoBKNps3ga0dvZu,"app-logs-2025.11.21","-",development,development,info,info,"Incoming request","Incoming request",development,development,"-","-","-","-","localhost:3000","localhost:3000",GET,GET,"-","127.0.0.1","127.0.0.1","req-2f","req-2f","-","wrapper-backend","wrapper-backend","-","Nov 21, 2025 @ 11:47:24.396","/api/admin/entity-scope","/api/admin/entity-scope","wrapper-backend","wrapper-backend"
"Nov 21, 2025 @ 11:47:24.395",v8kPpZoBKNps3ga0dvZu,"app-logs-2025.11.21","-",development,development,info,info,"Incoming request","Incoming request",development,development,"-","-","-","-","localhost:3000","localhost:3000",GET,GET,"-","127.0.0.1","127.0.0.1","req-2e","req-2e","-","wrapper-backend","wrapper-backend","-","Nov 21, 2025 @ 11:47:24.395","/api/onboarding/status","/api/onboarding/status","wrapper-backend","wrapper-backend"
"Nov 21, 2025 @ 11:47:24.393",u8kPpZoBKNps3ga0cvas,"app-logs-2025.11.21","-",development,development,info,info,"Incoming request","Incoming request",development,development,"-","-","-","-","localhost:3000","localhost:3000",GET,GET,"-","127.0.0.1","127.0.0.1","req-2d","req-2d","-","wrapper-backend","wrapper-backend","-","Nov 21, 2025 @ 11:47:24.392","/api/admin/auth-status","/api/admin/auth-status","wrapper-backend","wrapper-backend"
"Nov 21, 2025 @ 11:47:21.347",uskPpZoBKNps3ga0ZvbE,"app-logs-2025.11.21","-",development,development,info,info,"Incoming request","Incoming request",development,development,"-","-","-","-","localhost:3000","localhost:3000",GET,GET,"-","127.0.0.1","127.0.0.1","req-2c","req-2c","-","wrapper-backend","wrapper-backend","-","Nov 21, 2025 @ 11:47:21.347","/api/notifications?","/api/notifications?","wrapper-backend","wrapper-backend"
"Nov 21, 2025 @ 11:47:10.929",uckPpZoBKNps3ga0PvYV,"app-logs-2025.11.21","-",development,development,info,info,"Request completed","Request completed",development,development,"-","-","-","-","-","-",GET,GET,"-","-","-","req-28","req-28","76,579.62","wrapper-backend","wrapper-backend",401,"Nov 21, 2025 @ 11:47:10.928","/api/notifications?","/api/notifications?","wrapper-backend","wrapper-backend"
"Nov 21, 2025 @ 11:46:31.804","uMkOpZoBKNps3ga0p_aF","app-logs-2025.11.21","-",development,development,info,info,"Request completed","Request completed",development,development,"-","-","-","-","-","-",GET,GET,"-","-","-","req-2b","req-2b","1,098.193","wrapper-backend","wrapper-backend",200,"Nov 21, 2025 @ 11:46:31.803","/api/notifications/unread-count","/api/notifications/unread-count","wrapper-backend","wrapper-backend"
"Nov 21, 2025 @ 11:46:30.705",tskOpZoBKNps3ga0pPa8,"app-logs-2025.11.21","-",development,development,info,info,"Incoming request","Incoming request",development,development,"-","-","-","-","localhost:3000","localhost:3000",GET,GET,"-","127.0.0.1","127.0.0.1","req-2b","req-2b","-","wrapper-backend","wrapper-backend","-","Nov 21, 2025 @ 11:46:30.705","/api/notifications/unread-count","/api/notifications/unread-count","wrapper-backend","wrapper-backend"
"Nov 21, 2025 @ 11:46:30.703",t8kOpZoBKNps3ga0pPa8,"app-logs-2025.11.21","-",development,development,info,info,"Request completed","Request completed",development,development,"-","-","-","-","-","-",GET,GET,"-","-","-","req-2a","req-2a","1,037.894","wrapper-backend","wrapper-backend",200,"Nov 21, 2025 @ 11:46:30.703","/api/notifications/unread-count","/api/notifications/unread-count","wrapper-backend","wrapper-backend"
"Nov 21, 2025 @ 11:46:29.665","tckOpZoBKNps3ga0n_ar","app-logs-2025.11.21","-",development,development,info,info,"Incoming request","Incoming request",development,development,"-","-","-","-","localhost:3000","localhost:3000",GET,GET,"-","127.0.0.1","127.0.0.1","req-2a","req-2a","-","wrapper-backend","wrapper-backend","-","Nov 21, 2025 @ 11:46:29.665","/api/notifications/unread-count","/api/notifications/unread-count","wrapper-backend","wrapper-backend"
"Nov 21, 2025 @ 11:46:29.663",tMkOpZoBKNps3ga0nPbi,"app-logs-2025.11.21","-",development,development,info,info,"Request completed","Request completed",development,development,"-","-","-","-","-","-",GET,GET,"-","-","-","req-29","req-29","3,315.383","wrapper-backend","wrapper-backend",200,"Nov 21, 2025 @ 11:46:29.662","/api/notifications/unread-count","/api/notifications/unread-count","wrapper-backend","wrapper-backend"
"Nov 21, 2025 @ 11:46:26.347","s8kOpZoBKNps3ga0j_b8","app-logs-2025.11.21","-",development,development,info,info,"Incoming request","Incoming request",development,development,"-","-","-","-","localhost:3000","localhost:3000",GET,GET,"-","127.0.0.1","127.0.0.1","req-29","req-29","-","wrapper-backend","wrapper-backend","-","Nov 21, 2025 @ 11:46:26.347","/api/notifications/unread-count","/api/notifications/unread-count","wrapper-backend","wrapper-backend"
"Nov 21, 2025 @ 11:45:54.348",sskOpZoBKNps3ga0Evbw,"app-logs-2025.11.21","-",development,development,info,info,"Incoming request","Incoming request",development,development,"-","-","-","-","localhost:3000","localhost:3000",GET,GET,"-","127.0.0.1","127.0.0.1","req-28","req-28","-","wrapper-backend","wrapper-backend","-","Nov 21, 2025 @ 11:45:54.347","/api/notifications?","/api/notifications?","wrapper-backend","wrapper-backend"
"Nov 21, 2025 @ 11:45:43.447",sckNpZoBKNps3ga06PZX,"app-logs-2025.11.21","-",development,development,info,info,"Request completed","Request completed",development,development,"-","-","-","-","-","-",GET,GET,"-","-","-","req-27","req-27","2,100.773","wrapper-backend","wrapper-backend",200,"Nov 21, 2025 @ 11:45:43.447","/api/notifications?","/api/notifications?","wrapper-backend","wrapper-backend"
"Nov 21, 2025 @ 11:45:41.346",sMkNpZoBKNps3ga04PYl,"app-logs-2025.11.21","-",development,development,info,info,"Incoming request","Incoming request",development,development,"-","-","-","-","localhost:3000","localhost:3000",GET,GET,"-","127.0.0.1","127.0.0.1","req-27","req-27","-","wrapper-backend","wrapper-backend","-","Nov 21, 2025 @ 11:45:41.346","/api/notifications?","/api/notifications?","wrapper-backend","wrapper-backend"
"Nov 21, 2025 @ 11:45:31.069",rskNpZoBKNps3ga0uPaN,"app-logs-2025.11.21","-",development,development,info,info,"Request completed","Request completed",development,development,"-","-","-","-","-","-",GET,GET,"-","-","-","req-26","req-26","964.458","wrapper-backend","wrapper-backend",200,"Nov 21, 2025 @ 11:45:31.069","/api/notifications/unread-count","/api/notifications/unread-count","wrapper-backend","wrapper-backend"
"Nov 21, 2025 @ 11:45:30.868",r8kNpZoBKNps3ga0uPaN,"app-logs-2025.11.21","-",development,development,info,info,"Request completed","Request completed",development,development,"-","-","-","-","-","-",GET,GET,"-","-","-","req-25","req-25","1,521.977","wrapper-backend","wrapper-backend",200,"Nov 21, 2025 @ 11:45:30.867","/api/notifications?","/api/notifications?","wrapper-backend","wrapper-backend"
"Nov 21, 2025 @ 11:45:30.105","qskNpZoBKNps3ga0tfY_","app-logs-2025.11.21","-",development,development,info,info,"Incoming request","Incoming request",development,development,"-","-","-","-","localhost:3000","localhost:3000",GET,GET,"-","127.0.0.1","127.0.0.1","req-26","req-26","-","wrapper-backend","wrapper-backend","-","Nov 21, 2025 @ 11:45:30.105","/api/notifications/unread-count","/api/notifications/unread-count","wrapper-backend","wrapper-backend"
"Nov 21, 2025 @ 11:45:30.103","q8kNpZoBKNps3ga0tfY_","app-logs-2025.11.21","-",development,development,info,info,"Request completed","Request completed",development,development,"-","-","-","-","-","-",GET,GET,"-","-","-","req-24","req-24","902.819","wrapper-backend","wrapper-backend",200,"Nov 21, 2025 @ 11:45:30.102","/api/notifications/unread-count","/api/notifications/unread-count","wrapper-backend","wrapper-backend"
"Nov 21, 2025 @ 11:45:29.346","rMkNpZoBKNps3ga0tfY_","app-logs-2025.11.21","-",development,development,info,info,"Incoming request","Incoming request",development,development,"-","-","-","-","localhost:3000","localhost:3000",GET,GET,"-","127.0.0.1","127.0.0.1","req-25","req-25","-","wrapper-backend","wrapper-backend","-","Nov 21, 2025 @ 11:45:29.345","/api/notifications?","/api/notifications?","wrapper-backend","wrapper-backend"
"Nov 21, 2025 @ 11:45:29.199","rckNpZoBKNps3ga0tfY_","app-logs-2025.11.21","-",development,development,info,info,"Incoming request","Incoming request",development,development,"-","-","-","-","localhost:3000","localhost:3000",GET,GET,"-","127.0.0.1","127.0.0.1","req-24","req-24","-","wrapper-backend","wrapper-backend","-","Nov 21, 2025 @ 11:45:29.199","/api/notifications/unread-count","/api/notifications/unread-count","wrapper-backend","wrapper-backend"
"Nov 21, 2025 @ 11:45:29.197",qckNpZoBKNps3ga0sPaw,"app-logs-2025.11.21","-",development,development,info,info,"Request completed","Request completed",development,development,"-","-","-","-","-","-",GET,GET,"-","-","-","req-23","req-23","2,850.911","wrapper-backend","wrapper-backend",200,"Nov 21, 2025 @ 11:45:29.196","/api/notifications/unread-count","/api/notifications/unread-count","wrapper-backend","wrapper-backend"
"Nov 21, 2025 @ 11:45:26.346",qMkNpZoBKNps3ga0pfaT,"app-logs-2025.11.21","-",development,development,info,info,"Incoming request","Incoming request",development,development,"-","-","-","-","localhost:3000","localhost:3000",GET,GET,"-","127.0.0.1","127.0.0.1","req-23","req-23","-","wrapper-backend","wrapper-backend","-","Nov 21, 2025 @ 11:45:26.345","/api/notifications/unread-count","/api/notifications/unread-count","wrapper-backend","wrapper-backend"
"Nov 21, 2025 @ 11:45:19.002",p8kNpZoBKNps3ga0ivZD,"app-logs-2025.11.21","-",development,development,info,info,"Request completed","Request completed",development,development,"-","-","-","-","-","-",GET,GET,"-","-","-","req-22","req-22","1,653.994","wrapper-backend","wrapper-backend",200,"Nov 21, 2025 @ 11:45:19.002","/api/notifications?","/api/notifications?","wrapper-backend","wrapper-backend"
"Nov 21, 2025 @ 11:45:17.348",pskNpZoBKNps3ga0gvZp,"app-logs-2025.11.21","-",development,development,info,info,"Incoming request","Incoming request",development,development,"-","-","-","-","localhost:3000","localhost:3000",GET,GET,"-","127.0.0.1","127.0.0.1","req-22","req-22","-","wrapper-backend","wrapper-backend","-","Nov 21, 2025 @ 11:45:17.348","/api/notifications?","/api/notifications?","wrapper-backend","wrapper-backend"
"Nov 21, 2025 @ 11:45:06.910",pckNpZoBKNps3ga0Wfag,"app-logs-2025.11.21","-",development,development,info,info,"Request completed","Request completed",development,development,"-","-","-","-","-","-",GET,GET,"-","-","-","req-21","req-21","2,562.758","wrapper-backend","wrapper-backend",200,"Nov 21, 2025 @ 11:45:06.909","/api/notifications?","/api/notifications?","wrapper-backend","wrapper-backend"
"Nov 21, 2025 @ 11:45:04.347","pMkNpZoBKNps3ga0T_ah","app-logs-2025.11.21","-",development,development,info,info,"Incoming request","Incoming request",development,development,"-","-","-","-","localhost:3000","localhost:3000",GET,GET,"-","127.0.0.1","127.0.0.1","req-21","req-21","-","wrapper-backend","wrapper-backend","-","Nov 21, 2025 @ 11:45:04.347","/api/notifications?","/api/notifications?","wrapper-backend","wrapper-backend"
"Nov 21, 2025 @ 11:44:53.447",o8kNpZoBKNps3ga0JfYH,"app-logs-2025.11.21","-",development,development,info,info,"Request completed","Request completed",development,development,"-","-","-","-","-","-",GET,GET,"-","-","-","req-20","req-20","2,099.759","wrapper-backend","wrapper-backend",200,"Nov 21, 2025 @ 11:44:53.446","/api/notifications?","/api/notifications?","wrapper-backend","wrapper-backend"
"Nov 21, 2025 @ 11:44:51.347",oskNpZoBKNps3ga0HPbW,"app-logs-2025.11.21","-",development,development,info,info,"Incoming request","Incoming request",development,development,"-","-","-","-","localhost:3000","localhost:3000",GET,GET,"-","127.0.0.1","127.0.0.1","req-20","req-20","-","wrapper-backend","wrapper-backend","-","Nov 21, 2025 @ 11:44:51.347","/api/notifications?","/api/notifications?","wrapper-backend","wrapper-backend"
"Nov 21, 2025 @ 11:44:40.837",ockMpZoBKNps3ga09fbI,"app-logs-2025.11.21","-",development,development,info,info,"Request completed","Request completed",development,development,"-","-","-","-","-","-",GET,GET,"-","-","-","req-1z","req-1z","1,492.459","wrapper-backend","wrapper-backend",200,"Nov 21, 2025 @ 11:44:40.836","/api/notifications?","/api/notifications?","wrapper-backend","wrapper-backend"
"Nov 21, 2025 @ 11:44:39.344",oMkMpZoBKNps3ga07fby,"app-logs-2025.11.21","-",development,development,info,info,"Incoming request","Incoming request",development,development,"-","-","-","-","localhost:3000","localhost:3000",GET,GET,"-","127.0.0.1","127.0.0.1","req-1z","req-1z","-","wrapper-backend","wrapper-backend","-","Nov 21, 2025 @ 11:44:39.344","/api/notifications?","/api/notifications?","wrapper-backend","wrapper-backend"
"Nov 21, 2025 @ 11:44:31.178",n8kMpZoBKNps3ga00vbJ,"app-logs-2025.11.21","-",development,development,info,info,"Request completed","Request completed",development,development,"-","-","-","-","-","-",GET,GET,"-","-","-","req-1y","req-1y","1,075.086","wrapper-backend","wrapper-backend",200,"Nov 21, 2025 @ 11:44:31.178","/api/notifications/unread-count","/api/notifications/unread-count","wrapper-backend","wrapper-backend"
"Nov 21, 2025 @ 11:44:30.103",mskMpZoBKNps3ga0yvbt,"app-logs-2025.11.21","-",development,development,info,info,"Incoming request","Incoming request",development,development,"-","-","-","-","localhost:3000","localhost:3000",GET,GET,"-","127.0.0.1","127.0.0.1","req-1y","req-1y","-","wrapper-backend","wrapper-backend","-","Nov 21, 2025 @ 11:44:30.102","/api/notifications/unread-count","/api/notifications/unread-count","wrapper-backend","wrapper-backend"
"Nov 21, 2025 @ 11:44:30.101",m8kMpZoBKNps3ga0yvbt,"app-logs-2025.11.21","-",development,development,info,info,"Request completed","Request completed",development,development,"-","-","-","-","-","-",GET,GET,"-","-","-","req-1x","req-1x","1,621.402","wrapper-backend","wrapper-backend",200,"Nov 21, 2025 @ 11:44:30.100","/api/notifications/unread-count","/api/notifications/unread-count","wrapper-backend","wrapper-backend"
"Nov 21, 2025 @ 11:44:28.479",nMkMpZoBKNps3ga0yvbt,"app-logs-2025.11.21","-",development,development,info,info,"Incoming request","Incoming request",development,development,"-","-","-","-","localhost:3000","localhost:3000",GET,GET,"-","127.0.0.1","127.0.0.1","req-1x","req-1x","-","wrapper-backend","wrapper-backend","-","Nov 21, 2025 @ 11:44:28.479","/api/notifications/unread-count","/api/notifications/unread-count","wrapper-backend","wrapper-backend"
"Nov 21, 2025 @ 11:44:28.478",nckMpZoBKNps3ga0yvbt,"app-logs-2025.11.21","-",development,development,info,info,"Request completed","Request completed",development,development,"-","-","-","-","-","-",GET,GET,"-","-","-","req-1v","req-1v","2,131.369","wrapper-backend","wrapper-backend",200,"Nov 21, 2025 @ 11:44:28.478","/api/notifications/unread-count","/api/notifications/unread-count","wrapper-backend","wrapper-backend"
"Nov 21, 2025 @ 11:44:28.476",nskMpZoBKNps3ga0yvbt,"app-logs-2025.11.21","-",development,development,info,info,"Request completed","Request completed",development,development,"-","-","-","-","-","-",GET,GET,"-","-","-","req-1w","req-1w","2,123.283","wrapper-backend","wrapper-backend",200,"Nov 21, 2025 @ 11:44:28.475","/api/notifications?","/api/notifications?","wrapper-backend","wrapper-backend"
"Nov 21, 2025 @ 11:44:26.352","mckMpZoBKNps3ga0w_YQ","app-logs-2025.11.21","-",development,development,info,info,"Incoming request","Incoming request",development,development,"-","-","-","-","localhost:3000","localhost:3000",GET,GET,"-","127.0.0.1","127.0.0.1","req-1w","req-1w","-","wrapper-backend","wrapper-backend","-","Nov 21, 2025 @ 11:44:26.352","/api/notifications?","/api/notifications?","wrapper-backend","wrapper-backend"
"Nov 21, 2025 @ 11:44:26.347","mMkMpZoBKNps3ga0u_Yz","app-logs-2025.11.21","-",development,development,info,info,"Incoming request","Incoming request",development,development,"-","-","-","-","localhost:3000","localhost:3000",GET,GET,"-","127.0.0.1","127.0.0.1","req-1v","req-1v","-","wrapper-backend","wrapper-backend","-","Nov 21, 2025 @ 11:44:26.347","/api/notifications/unread-count","/api/notifications/unread-count","wrapper-backend","wrapper-backend"
"Nov 21, 2025 @ 11:44:16.271",l8kMpZoBKNps3ga0lPYv,"app-logs-2025.11.21","-",development,development,info,info,"Request completed","Request completed",development,development,"-","-","-","-","-","-",GET,GET,"-","-","-","req-1u","req-1u","1,922.341","wrapper-backend","wrapper-backend",200,"Nov 21, 2025 @ 11:44:16.270","/api/notifications?","/api/notifications?","wrapper-backend","wrapper-backend"
"Nov 21, 2025 @ 11:44:14.348",lskMpZoBKNps3ga0jPZT,"app-logs-2025.11.21","-",development,development,info,info,"Incoming request","Incoming request",development,development,"-","-","-","-","localhost:3000","localhost:3000",GET,GET,"-","127.0.0.1","127.0.0.1","req-1u","req-1u","-","wrapper-backend","wrapper-backend","-","Nov 21, 2025 @ 11:44:14.348","/api/notifications?","/api/notifications?","wrapper-backend","wrapper-backend"
"Nov 21, 2025 @ 11:44:04.079",lckMpZoBKNps3ga0ZfZL,"app-logs-2025.11.21","-",development,development,info,info,"Request completed","Request completed",development,development,"-","-","-","-","-","-",GET,GET,"-","-","-","req-1t","req-1t","1,732.745","wrapper-backend","wrapper-backend",200,"Nov 21, 2025 @ 11:44:04.079","/api/notifications?","/api/notifications?","wrapper-backend","wrapper-backend"
"Nov 21, 2025 @ 11:44:02.347",lMkMpZoBKNps3ga0XfZw,"app-logs-2025.11.21","-",development,development,info,info,"Incoming request","Incoming request",development,development,"-","-","-","-","localhost:3000","localhost:3000",GET,GET,"-","127.0.0.1","127.0.0.1","req-1t","req-1t","-","wrapper-backend","wrapper-backend","-","Nov 21, 2025 @ 11:44:02.346","/api/notifications?","/api/notifications?","wrapper-backend","wrapper-backend"
"Nov 21, 2025 @ 11:43:51.643",k8kMpZoBKNps3ga0NvZm,"app-logs-2025.11.21","-",development,development,info,info,"Request completed","Request completed",development,development,"-","-","-","-","-","-",GET,GET,"-","-","-","req-1s","req-1s","1,296.033","wrapper-backend","wrapper-backend",200,"Nov 21, 2025 @ 11:43:51.642","/api/notifications?","/api/notifications?","wrapper-backend","wrapper-backend"
"Nov 21, 2025 @ 11:43:50.347",kskMpZoBKNps3ga0LvaO,"app-logs-2025.11.21","-",development,development,info,info,"Incoming request","Incoming request",development,development,"-","-","-","-","localhost:3000","localhost:3000",GET,GET,"-","127.0.0.1","127.0.0.1","req-1s","req-1s","-","wrapper-backend","wrapper-backend","-","Nov 21, 2025 @ 11:43:50.346","/api/notifications?","/api/notifications?","wrapper-backend","wrapper-backend"
"Nov 21, 2025 @ 11:43:39.792",kckMpZoBKNps3ga0BfZS,"app-logs-2025.11.21","-",development,development,info,info,"Request completed","Request completed",development,development,"-","-","-","-","-","-",GET,GET,"-","-","-","req-1r","req-1r","2,445.135","wrapper-backend","wrapper-backend",200,"Nov 21, 2025 @ 11:43:39.792","/api/notifications?","/api/notifications?","wrapper-backend","wrapper-backend"
"Nov 21, 2025 @ 11:43:37.347","kMkLpZoBKNps3ga0-_bG","app-logs-2025.11.21","-",development,development,info,info,"Incoming request","Incoming request",development,development,"-","-","-","-","localhost:3000","localhost:3000",GET,GET,"-","127.0.0.1","127.0.0.1","req-1r","req-1r","-","wrapper-backend","wrapper-backend","-","Nov 21, 2025 @ 11:43:37.346","/api/notifications?","/api/notifications?","wrapper-backend","wrapper-backend"
"Nov 21, 2025 @ 11:43:29.956",j8kLpZoBKNps3ga04PaJ,"app-logs-2025.11.21","-",development,development,info,info,"Request completed","Request completed",development,development,"-","-","-","-","-","-",GET,GET,"-","-","-","req-1q","req-1q","1,430.211","wrapper-backend","wrapper-backend",200,"Nov 21, 2025 @ 11:43:29.956","/api/notifications/unread-count","/api/notifications/unread-count","wrapper-backend","wrapper-backend"
"Nov 21, 2025 @ 11:43:28.525",jckLpZoBKNps3ga03Pa4,"app-logs-2025.11.21","-",development,development,info,info,"Incoming request","Incoming request",development,development,"-","-","-","-","localhost:3000","localhost:3000",GET,GET,"-","127.0.0.1","127.0.0.1","req-1q","req-1q","-","wrapper-backend","wrapper-backend","-","Nov 21, 2025 @ 11:43:28.525","/api/notifications/unread-count","/api/notifications/unread-count","wrapper-backend","wrapper-backend"
"Nov 21, 2025 @ 11:43:28.525",jskLpZoBKNps3ga03Pa4,"app-logs-2025.11.21","-",development,development,info,info,"Request completed","Request completed",development,development,"-","-","-","-","-","-",GET,GET,"-","-","-","req-1p","req-1p","1,035.064","wrapper-backend","wrapper-backend",200,"Nov 21, 2025 @ 11:43:28.524","/api/notifications/unread-count","/api/notifications/unread-count","wrapper-backend","wrapper-backend"
"Nov 21, 2025 @ 11:43:27.490",i8kLpZoBKNps3ga02Pas,"app-logs-2025.11.21","-",development,development,info,info,"Incoming request","Incoming request",development,development,"-","-","-","-","localhost:3000","localhost:3000",GET,GET,"-","127.0.0.1","127.0.0.1","req-1p","req-1p","-","wrapper-backend","wrapper-backend","-","Nov 21, 2025 @ 11:43:27.489","/api/notifications/unread-count","/api/notifications/unread-count","wrapper-backend","wrapper-backend"
"Nov 21, 2025 @ 11:43:27.488",jMkLpZoBKNps3ga02Pas,"app-logs-2025.11.21","-",development,development,info,info,"Request completed","Request completed",development,development,"-","-","-","-","-","-",GET,GET,"-","-","-","req-1o","req-1o","1,133.899","wrapper-backend","wrapper-backend",200,"Nov 21, 2025 @ 11:43:27.488","/api/notifications/unread-count","/api/notifications/unread-count","wrapper-backend","wrapper-backend"
"Nov 21, 2025 @ 11:43:26.354",iskLpZoBKNps3ga01Pbb,"app-logs-2025.11.21","-",development,development,info,info,"Incoming request","Incoming request",development,development,"-","-","-","-","localhost:3000","localhost:3000",GET,GET,"-","127.0.0.1","127.0.0.1","req-1o","req-1o","-","wrapper-backend","wrapper-backend","-","Nov 21, 2025 @ 11:43:26.354","/api/notifications/unread-count","/api/notifications/unread-count","wrapper-backend","wrapper-backend"
"Nov 21, 2025 @ 11:43:26.351",ickLpZoBKNps3ga00PbT,"app-logs-2025.11.21","-",development,development,info,info,"Request completed","Request completed",development,development,"-","-","-","-","-","-",GET,GET,"-","-","-","req-1n","req-1n","2,989.796","wrapper-backend","wrapper-backend",200,"Nov 21, 2025 @ 11:43:26.349","/api/notifications?","/api/notifications?","wrapper-backend","wrapper-backend"
"Nov 21, 2025 @ 11:43:23.360",iMkLpZoBKNps3ga0xfYr,"app-logs-2025.11.21","-",development,development,info,info,"Incoming request","Incoming request",development,development,"-","-","-","-","localhost:3000","localhost:3000",GET,GET,"-","127.0.0.1","127.0.0.1","req-1n","req-1n","-","wrapper-backend","wrapper-backend","-","Nov 21, 2025 @ 11:43:23.359","/api/notifications?","/api/notifications?","wrapper-backend","wrapper-backend"
"Nov 21, 2025 @ 11:43:13.309",h8kLpZoBKNps3ga0nvYK,"app-logs-2025.11.21","-",development,development,info,info,"Request completed","Request completed",development,development,"-","-","-","-","-","-",GET,GET,"-","-","-","req-1m","req-1m","1,962.77","wrapper-backend","wrapper-backend",200,"Nov 21, 2025 @ 11:43:13.309","/api/notifications?","/api/notifications?","wrapper-backend","wrapper-backend"
"Nov 21, 2025 @ 11:43:11.346",hskLpZoBKNps3ga0lvY1,"app-logs-2025.11.21","-",development,development,info,info,"Incoming request","Incoming request",development,development,"-","-","-","-","localhost:3000","localhost:3000",GET,GET,"-","127.0.0.1","127.0.0.1","req-1m","req-1m","-","wrapper-backend","wrapper-backend","-","Nov 21, 2025 @ 11:43:11.346","/api/notifications?","/api/notifications?","wrapper-backend","wrapper-backend"
"Nov 21, 2025 @ 11:43:00.794","hckLpZoBKNps3ga0b_Y9","app-logs-2025.11.21","-",development,development,info,info,"Request completed","Request completed",development,development,"-","-","-","-","-","-",GET,GET,"-","-","-","req-1l","req-1l","1,441.535","wrapper-backend","wrapper-backend",200,"Nov 21, 2025 @ 11:43:00.794","/api/notifications?","/api/notifications?","wrapper-backend","wrapper-backend"
"Nov 21, 2025 @ 11:42:59.355","hMkLpZoBKNps3ga0Z_Zk","app-logs-2025.11.21","-",development,development,info,info,"Incoming request","Incoming request",development,development,"-","-","-","-","localhost:3000","localhost:3000",GET,GET,"-","127.0.0.1","127.0.0.1","req-1l","req-1l","-","wrapper-backend","wrapper-backend","-","Nov 21, 2025 @ 11:42:59.353","/api/notifications?","/api/notifications?","wrapper-backend","wrapper-backend"
"Nov 21, 2025 @ 11:42:48.972",g8kLpZoBKNps3ga0PvbO,"app-logs-2025.11.21","-",development,development,info,info,"Request completed","Request completed",development,development,"-","-","-","-","-","-",GET,GET,"-","-","-","req-1k","req-1k","2,623.134","wrapper-backend","wrapper-backend",200,"Nov 21, 2025 @ 11:42:48.972","/api/notifications?","/api/notifications?","wrapper-backend","wrapper-backend"
"Nov 21, 2025 @ 11:42:46.350",gskLpZoBKNps3ga0NPaV,"app-logs-2025.11.21","-",development,development,info,info,"Incoming request","Incoming request",development,development,"-","-","-","-","localhost:3000","localhost:3000",GET,GET,"-","127.0.0.1","127.0.0.1","req-1k","req-1k","-","wrapper-backend","wrapper-backend","-","Nov 21, 2025 @ 11:42:46.349","/api/notifications?","/api/notifications?","wrapper-backend","wrapper-backend"
"Nov 21, 2025 @ 11:42:35.783",gckLpZoBKNps3ga0DfaJ,"app-logs-2025.11.21","-",development,development,info,info,"Request completed","Request completed",development,development,"-","-","-","-","-","-",GET,GET,"-","-","-","req-1j","req-1j","1,437.813","wrapper-backend","wrapper-backend",200,"Nov 21, 2025 @ 11:42:35.783","/api/notifications?","/api/notifications?","wrapper-backend","wrapper-backend"
"Nov 21, 2025 @ 11:42:34.346",gMkLpZoBKNps3ga0Bfas,"app-logs-2025.11.21","-",development,development,info,info,"Incoming request","Incoming request",development,development,"-","-","-","-","localhost:3000","localhost:3000",GET,GET,"-","127.0.0.1","127.0.0.1","req-1j","req-1j","-","wrapper-backend","wrapper-backend","-","Nov 21, 2025 @ 11:42:34.346","/api/notifications?","/api/notifications?","wrapper-backend","wrapper-backend"
"Nov 21, 2025 @ 11:42:30.112","fskKpZoBKNps3ga09fb_","app-logs-2025.11.21","-",development,development,info,info,"Request completed","Request completed",development,development,"-","-","-","-","-","-",GET,GET,"-","-","-","req-1i","req-1i","722.665","wrapper-backend","wrapper-backend",200,"Nov 21, 2025 @ 11:42:30.111","/api/notifications/unread-count","/api/notifications/unread-count","wrapper-backend","wrapper-backend"
"Nov 21, 2025 @ 11:42:29.389","f8kKpZoBKNps3ga09fb_","app-logs-2025.11.21","-",development,development,info,info,"Incoming request","Incoming request",development,development,"-","-","-","-","localhost:3000","localhost:3000",GET,GET,"-","127.0.0.1","127.0.0.1","req-1i","req-1i","-","wrapper-backend","wrapper-backend","-","Nov 21, 2025 @ 11:42:29.389","/api/notifications/unread-count","/api/notifications/unread-count","wrapper-backend","wrapper-backend"
"Nov 21, 2025 @ 11:42:29.386",fckKpZoBKNps3ga08vZN,"app-logs-2025.11.21","-",development,development,info,info,"Request completed","Request completed",development,development,"-","-","-","-","-","-",GET,GET,"-","-","-","req-1h","req-1h","1,232.985","wrapper-backend","wrapper-backend",200,"Nov 21, 2025 @ 11:42:29.386","/api/notifications/unread-count","/api/notifications/unread-count","wrapper-backend","wrapper-backend"
"Nov 21, 2025 @ 11:42:28.153",e8kKpZoBKNps3ga07vYl,"app-logs-2025.11.21","-",development,development,info,info,"Incoming request","Incoming request",development,development,"-","-","-","-","localhost:3000","localhost:3000",GET,GET,"-","127.0.0.1","127.0.0.1","req-1h","req-1h","-","wrapper-backend","wrapper-backend","-","Nov 21, 2025 @ 11:42:28.153","/api/notifications/unread-count","/api/notifications/unread-count","wrapper-backend","wrapper-backend"
"Nov 21, 2025 @ 11:42:28.152",fMkKpZoBKNps3ga07vYl,"app-logs-2025.11.21","-",development,development,info,info,"Request completed","Request completed",development,development,"-","-","-","-","-","-",GET,GET,"-","-","-","req-1g","req-1g","1,798.946","wrapper-backend","wrapper-backend",200,"Nov 21, 2025 @ 11:42:28.152","/api/notifications/unread-count","/api/notifications/unread-count","wrapper-backend","wrapper-backend"
"Nov 21, 2025 @ 11:42:26.354",eskKpZoBKNps3ga05vZ6,"app-logs-2025.11.21","-",development,development,info,info,"Incoming request","Incoming request",development,development,"-","-","-","-","localhost:3000","localhost:3000",GET,GET,"-","127.0.0.1","127.0.0.1","req-1g","req-1g","-","wrapper-backend","wrapper-backend","-","Nov 21, 2025 @ 11:42:26.353","/api/notifications/unread-count","/api/notifications/unread-count","wrapper-backend","wrapper-backend"
"Nov 21, 2025 @ 11:42:24.311",eckKpZoBKNps3ga03vZ5,"app-logs-2025.11.21","-",development,development,info,info,"Request completed","Request completed",development,development,"-","-","-","-","-","-",GET,GET,"-","-","-","req-1f","req-1f","5,963.292","wrapper-backend","wrapper-backend",200,"Nov 21, 2025 @ 11:42:24.311","/api/notifications?","/api/notifications?","wrapper-backend","wrapper-backend"
"Nov 21, 2025 @ 11:42:18.348","eMkKpZoBKNps3ga0x_Yy","app-logs-2025.11.21","-",development,development,info,info,"Incoming request","Incoming request",development,development,"-","-","-","-","localhost:3000","localhost:3000",GET,GET,"-","127.0.0.1","127.0.0.1","req-1f","req-1f","-","wrapper-backend","wrapper-backend","-","Nov 21, 2025 @ 11:42:18.348","/api/notifications?","/api/notifications?","wrapper-backend","wrapper-backend"
"Nov 21, 2025 @ 11:42:08.121",d8kKpZoBKNps3ga0oPYr,"app-logs-2025.11.21","-",development,development,info,info,"Request completed","Request completed",development,development,"-","-","-","-","-","-",GET,GET,"-","-","-","req-1e","req-1e","1,775.005","wrapper-backend","wrapper-backend",200,"Nov 21, 2025 @ 11:42:08.121","/api/notifications?","/api/notifications?","wrapper-backend","wrapper-backend"
"Nov 21, 2025 @ 11:42:06.346",dskKpZoBKNps3ga0mPZR,"app-logs-2025.11.21","-",development,development,info,info,"Incoming request","Incoming request",development,development,"-","-","-","-","localhost:3000","localhost:3000",GET,GET,"-","127.0.0.1","127.0.0.1","req-1e","req-1e","-","wrapper-backend","wrapper-backend","-","Nov 21, 2025 @ 11:42:06.346","/api/notifications?","/api/notifications?","wrapper-backend","wrapper-backend"
"Nov 21, 2025 @ 11:41:55.846","dckKpZoBKNps3ga0b_ZI","app-logs-2025.11.21","-",development,development,info,info,"Request completed","Request completed",development,development,"-","-","-","-","-","-",GET,GET,"-","-","-","req-1d","req-1d","2,500.272","wrapper-backend","wrapper-backend",200,"Nov 21, 2025 @ 11:41:55.846","/api/notifications?","/api/notifications?","wrapper-backend","wrapper-backend"
"Nov 21, 2025 @ 11:41:53.346",dMkKpZoBKNps3ga0ZfaG,"app-logs-2025.11.21","-",development,development,info,info,"Incoming request","Incoming request",development,development,"-","-","-","-","localhost:3000","localhost:3000",GET,GET,"-","127.0.0.1","127.0.0.1","req-1d","req-1d","-","wrapper-backend","wrapper-backend","-","Nov 21, 2025 @ 11:41:53.345","/api/notifications?","/api/notifications?","wrapper-backend","wrapper-backend"
"Nov 21, 2025 @ 11:41:43.169",c8kKpZoBKNps3ga0PvZ4,"app-logs-2025.11.21","-",development,development,info,info,"Request completed","Request completed",development,development,"-","-","-","-","-","-",GET,GET,"-","-","-","req-1c","req-1c","1,824.1","wrapper-backend","wrapper-backend",200,"Nov 21, 2025 @ 11:41:43.169","/api/notifications?","/api/notifications?","wrapper-backend","wrapper-backend"
"Nov 21, 2025 @ 11:41:41.345",cskKpZoBKNps3ga0Nvai,"app-logs-2025.11.21","-",development,development,info,info,"Incoming request","Incoming request",development,development,"-","-","-","-","localhost:3000","localhost:3000",GET,GET,"-","127.0.0.1","127.0.0.1","req-1c","req-1c","-","wrapper-backend","wrapper-backend","-","Nov 21, 2025 @ 11:41:41.345","/api/notifications?","/api/notifications?","wrapper-backend","wrapper-backend"
"Nov 21, 2025 @ 11:41:32.194","bskKpZoBKNps3ga0E_aB","app-logs-2025.11.21","-",development,development,info,info,"Request completed","Request completed",development,development,"-","-","-","-","-","-",GET,GET,"-","-","-","req-1b","req-1b","879.867","wrapper-backend","wrapper-backend",200,"Nov 21, 2025 @ 11:41:32.193","/api/notifications/unread-count","/api/notifications/unread-count","wrapper-backend","wrapper-backend"
"Nov 21, 2025 @ 11:41:31.314","b8kKpZoBKNps3ga0E_aB","app-logs-2025.11.21","-",development,development,info,info,"Incoming request","Incoming request",development,development,"-","-","-","-","localhost:3000","localhost:3000",GET,GET,"-","127.0.0.1","127.0.0.1","req-1b","req-1b","-","wrapper-backend","wrapper-backend","-","Nov 21, 2025 @ 11:41:31.313","/api/notifications/unread-count","/api/notifications/unread-count","wrapper-backend","wrapper-backend"
"Nov 21, 2025 @ 11:41:31.312","cMkKpZoBKNps3ga0E_aB","app-logs-2025.11.21","-",development,development,info,info,"Request completed","Request completed",development,development,"-","-","-","-","-","-",GET,GET,"-","-","-","req-1a","req-1a","858.326","wrapper-backend","wrapper-backend",200,"Nov 21, 2025 @ 11:41:31.312","/api/notifications/unread-count","/api/notifications/unread-count","wrapper-backend","wrapper-backend"
"Nov 21, 2025 @ 11:41:30.454","cckKpZoBKNps3ga0E_aB","app-logs-2025.11.21","-",development,development,info,info,"Incoming request","Incoming request",development,development,"-","-","-","-","localhost:3000","localhost:3000",GET,GET,"-","127.0.0.1","127.0.0.1","req-1a","req-1a","-","wrapper-backend","wrapper-backend","-","Nov 21, 2025 @ 11:41:30.454","/api/notifications/unread-count","/api/notifications/unread-count","wrapper-backend","wrapper-backend"
"Nov 21, 2025 @ 11:41:30.452",bckKpZoBKNps3ga0DPYW,"app-logs-2025.11.21","-",development,development,info,info,"Request completed","Request completed",development,development,"-","-","-","-","-","-",GET,GET,"-","-","-","req-19","req-19","4,099.803","wrapper-backend","wrapper-backend",200,"Nov 21, 2025 @ 11:41:30.452","/api/notifications/unread-count","/api/notifications/unread-count","wrapper-backend","wrapper-backend"
"Nov 21, 2025 @ 11:41:30.339","bMkKpZoBKNps3ga0C_am","app-logs-2025.11.21","-",development,development,info,info,"Request completed","Request completed",development,development,"-","-","-","-","-","-",GET,GET,"-","-","-","req-18","req-18","5,992.833","wrapper-backend","wrapper-backend",200,"Nov 21, 2025 @ 11:41:30.339","/api/notifications?","/api/notifications?","wrapper-backend","wrapper-backend"
"Nov 21, 2025 @ 11:41:26.353","a8kJpZoBKNps3ga0_PYe","app-logs-2025.11.21","-",development,development,info,info,"Incoming request","Incoming request",development,development,"-","-","-","-","localhost:3000","localhost:3000",GET,GET,"-","127.0.0.1","127.0.0.1","req-19","req-19","-","wrapper-backend","wrapper-backend","-","Nov 21, 2025 @ 11:41:26.353","/api/notifications/unread-count","/api/notifications/unread-count","wrapper-backend","wrapper-backend"
"Nov 21, 2025 @ 11:41:24.346",askJpZoBKNps3ga09PZA,"app-logs-2025.11.21","-",development,development,info,info,"Incoming request","Incoming request",development,development,"-","-","-","-","localhost:3000","localhost:3000",GET,GET,"-","127.0.0.1","127.0.0.1","req-18","req-18","-","wrapper-backend","wrapper-backend","-","Nov 21, 2025 @ 11:41:24.346","/api/notifications?","/api/notifications?","wrapper-backend","wrapper-backend"
"Nov 21, 2025 @ 11:41:13.635",ackJpZoBKNps3ga0zfY4,"app-logs-2025.11.21","-",development,development,info,info,"Request completed","Request completed",development,development,"-","-","-","-","-","-",GET,GET,"-","-","-","req-17","req-17","1,289.247","wrapper-backend","wrapper-backend",200,"Nov 21, 2025 @ 11:41:13.634","/api/notifications?","/api/notifications?","wrapper-backend","wrapper-backend"
"Nov 21, 2025 @ 11:41:12.345",aMkJpZoBKNps3ga0xfZd,"app-logs-2025.11.21","-",development,development,info,info,"Incoming request","Incoming request",development,development,"-","-","-","-","localhost:3000","localhost:3000",GET,GET,"-","127.0.0.1","127.0.0.1","req-17","req-17","-","wrapper-backend","wrapper-backend","-","Nov 21, 2025 @ 11:41:12.345","/api/notifications?","/api/notifications?","wrapper-backend","wrapper-backend"
"Nov 21, 2025 @ 11:41:01.790",Z8kJpZoBKNps3ga0nPYg,"app-logs-2025.11.21","-",development,development,info,info,"Request completed","Request completed",development,development,"-","-","-","-","-","-",GET,GET,"-","-","-","req-16","req-16","2,440.479","wrapper-backend","wrapper-backend",200,"Nov 21, 2025 @ 11:41:01.790","/api/notifications?","/api/notifications?","wrapper-backend","wrapper-backend"
"Nov 21, 2025 @ 11:40:59.349",ZskJpZoBKNps3ga0kvaa,"app-logs-2025.11.21","-",development,development,info,info,"Incoming request","Incoming request",development,development,"-","-","-","-","localhost:3000","localhost:3000",GET,GET,"-","127.0.0.1","127.0.0.1","req-16","req-16","-","wrapper-backend","wrapper-backend","-","Nov 21, 2025 @ 11:40:59.349","/api/notifications?","/api/notifications?","wrapper-backend","wrapper-backend"
"Nov 21, 2025 @ 11:40:48.718",ZckJpZoBKNps3ga0afYP,"app-logs-2025.11.21","-",development,development,info,info,"Request completed","Request completed",development,development,"-","-","-","-","-","-",GET,GET,"-","-","-","req-15","req-15","2,362.769","wrapper-backend","wrapper-backend",200,"Nov 21, 2025 @ 11:40:48.718","/api/notifications?","/api/notifications?","wrapper-backend","wrapper-backend"
"Nov 21, 2025 @ 11:40:46.357","ZMkJpZoBKNps3ga0X_bg","app-logs-2025.11.21","-",development,development,info,info,"Incoming request","Incoming request",development,development,"-","-","-","-","localhost:3000","localhost:3000",GET,GET,"-","127.0.0.1","127.0.0.1","req-15","req-15","-","wrapper-backend","wrapper-backend","-","Nov 21, 2025 @ 11:40:46.355","/api/notifications?","/api/notifications?","wrapper-backend","wrapper-backend"
"Nov 21, 2025 @ 11:40:35.796",Y8kJpZoBKNps3ga0OfYL,"app-logs-2025.11.21","-",development,development,info,info,"Request completed","Request completed",development,development,"-","-","-","-","-","-",GET,GET,"-","-","-","req-14","req-14","1,450.724","wrapper-backend","wrapper-backend",200,"Nov 21, 2025 @ 11:40:35.796","/api/notifications?","/api/notifications?","wrapper-backend","wrapper-backend"
"Nov 21, 2025 @ 11:40:34.346",YskJpZoBKNps3ga0MfY0,"app-logs-2025.11.21","-",development,development,info,info,"Incoming request","Incoming request",development,development,"-","-","-","-","localhost:3000","localhost:3000",GET,GET,"-","127.0.0.1","127.0.0.1","req-14","req-14","-","wrapper-backend","wrapper-backend","-","Nov 21, 2025 @ 11:40:34.345","/api/notifications?","/api/notifications?","wrapper-backend","wrapper-backend"
"Nov 21, 2025 @ 11:40:31.156",YckJpZoBKNps3ga0KfZY,"app-logs-2025.11.21","-",development,development,info,info,"Request completed","Request completed",development,development,"-","-","-","-","-","-",GET,GET,"-","-","-","req-13","req-13","1,575.433","wrapper-backend","wrapper-backend",200,"Nov 21, 2025 @ 11:40:31.156","/api/notifications/unread-count","/api/notifications/unread-count","wrapper-backend","wrapper-backend"
"Nov 21, 2025 @ 11:40:29.580",X8kJpZoBKNps3ga0IfZ9,"app-logs-2025.11.21","-",development,development,info,info,"Incoming request","Incoming request",development,development,"-","-","-","-","localhost:3000","localhost:3000",GET,GET,"-","127.0.0.1","127.0.0.1","req-13","req-13","-","wrapper-backend","wrapper-backend","-","Nov 21, 2025 @ 11:40:29.580","/api/notifications/unread-count","/api/notifications/unread-count","wrapper-backend","wrapper-backend"
"Nov 21, 2025 @ 11:40:29.579",YMkJpZoBKNps3ga0IfZ9,"app-logs-2025.11.21","-",development,development,info,info,"Request completed","Request completed",development,development,"-","-","-","-","-","-",GET,GET,"-","-","-","req-12","req-12","1,924.259","wrapper-backend","wrapper-backend",200,"Nov 21, 2025 @ 11:40:29.579","/api/notifications/unread-count","/api/notifications/unread-count","wrapper-backend","wrapper-backend"
"Nov 21, 2025 @ 11:40:27.654",XckJpZoBKNps3ga0Gfak,"app-logs-2025.11.21","-",development,development,info,info,"Incoming request","Incoming request",development,development,"-","-","-","-","localhost:3000","localhost:3000",GET,GET,"-","127.0.0.1","127.0.0.1","req-12","req-12","-","wrapper-backend","wrapper-backend","-","Nov 21, 2025 @ 11:40:27.654","/api/notifications/unread-count","/api/notifications/unread-count","wrapper-backend","wrapper-backend"
"Nov 21, 2025 @ 11:40:27.653",XskJpZoBKNps3ga0Gfak,"app-logs-2025.11.21","-",development,development,info,info,"Request completed","Request completed",development,development,"-","-","-","-","-","-",GET,GET,"-","-","-","req-11","req-11","1,303.257","wrapper-backend","wrapper-backend",200,"Nov 21, 2025 @ 11:40:27.653","/api/notifications/unread-count","/api/notifications/unread-count","wrapper-backend","wrapper-backend"
"Nov 21, 2025 @ 11:40:26.349",XMkJpZoBKNps3ga0EfbL,"app-logs-2025.11.21","-",development,development,info,info,"Incoming request","Incoming request",development,development,"-","-","-","-","localhost:3000","localhost:3000",GET,GET,"-","127.0.0.1","127.0.0.1","req-11","req-11","-","wrapper-backend","wrapper-backend","-","Nov 21, 2025 @ 11:40:26.349","/api/notifications/unread-count","/api/notifications/unread-count","wrapper-backend","wrapper-backend"
"Nov 21, 2025 @ 11:40:24.081",W8kJpZoBKNps3ga0Cfbu,"app-logs-2025.11.21","-",development,development,info,info,"Request completed","Request completed",development,development,"-","-","-","-","-","-",GET,GET,"-","-","-","req-10","req-10","1,734.845","wrapper-backend","wrapper-backend",200,"Nov 21, 2025 @ 11:40:24.081","/api/notifications?","/api/notifications?","wrapper-backend","wrapper-backend"
"Nov 21, 2025 @ 11:40:22.346",WskJpZoBKNps3ga0AvYO,"app-logs-2025.11.21","-",development,development,info,info,"Incoming request","Incoming request",development,development,"-","-","-","-","localhost:3000","localhost:3000",GET,GET,"-","127.0.0.1","127.0.0.1","req-10","req-10","-","wrapper-backend","wrapper-backend","-","Nov 21, 2025 @ 11:40:22.346","/api/notifications?","/api/notifications?","wrapper-backend","wrapper-backend"
"Nov 21, 2025 @ 11:40:11.628","WckIpZoBKNps3ga02_YI","app-logs-2025.11.21","-",development,development,info,info,"Request completed","Request completed",development,development,"-","-","-","-","-","-",GET,GET,"-","-","-","req-z","req-z","1,282.489","wrapper-backend","wrapper-backend",200,"Nov 21, 2025 @ 11:40:11.627","/api/notifications?","/api/notifications?","wrapper-backend","wrapper-backend"
"Nov 21, 2025 @ 11:40:10.345","WMkIpZoBKNps3ga00_Yu","app-logs-2025.11.21","-",development,development,info,info,"Incoming request","Incoming request",development,development,"-","-","-","-","localhost:3000","localhost:3000",GET,GET,"-","127.0.0.1","127.0.0.1","req-z","req-z","-","wrapper-backend","wrapper-backend","-","Nov 21, 2025 @ 11:40:10.345","/api/notifications?","/api/notifications?","wrapper-backend","wrapper-backend"
"Nov 21, 2025 @ 11:39:59.831",V8kIpZoBKNps3ga0rPYm,"app-logs-2025.11.21","-",development,development,info,info,"Request completed","Request completed",development,development,"-","-","-","-","-","-",GET,GET,"-","-","-","req-y","req-y","1,484.183","wrapper-backend","wrapper-backend",200,"Nov 21, 2025 @ 11:39:59.830","/api/notifications?","/api/notifications?","wrapper-backend","wrapper-backend"
"Nov 21, 2025 @ 11:39:58.347",VskIpZoBKNps3ga0pPZP,"app-logs-2025.11.21","-",development,development,info,info,"Incoming request","Incoming request",development,development,"-","-","-","-","localhost:3000","localhost:3000",GET,GET,"-","127.0.0.1","127.0.0.1","req-y","req-y","-","wrapper-backend","wrapper-backend","-","Nov 21, 2025 @ 11:39:58.346","/api/notifications?","/api/notifications?","wrapper-backend","wrapper-backend"
"Nov 21, 2025 @ 11:39:48.117",VckIpZoBKNps3ga0ffZE,"app-logs-2025.11.21","-",development,development,info,info,"Request completed","Request completed",development,development,"-","-","-","-","-","-",GET,GET,"-","-","-","req-x","req-x","1,771.609","wrapper-backend","wrapper-backend",200,"Nov 21, 2025 @ 11:39:48.116","/api/notifications?","/api/notifications?","wrapper-backend","wrapper-backend"
"Nov 21, 2025 @ 11:39:46.345",VMkIpZoBKNps3ga0dfZs,"app-logs-2025.11.21","-",development,development,info,info,"Incoming request","Incoming request",development,development,"-","-","-","-","localhost:3000","localhost:3000",GET,GET,"-","127.0.0.1","127.0.0.1","req-x","req-x","-","wrapper-backend","wrapper-backend","-","Nov 21, 2025 @ 11:39:46.345","/api/notifications?","/api/notifications?","wrapper-backend","wrapper-backend"
"Nov 21, 2025 @ 11:39:35.905",U8kIpZoBKNps3ga0TvZj,"app-logs-2025.11.21","-",development,development,info,info,"Request completed","Request completed",development,development,"-","-","-","-","-","-",GET,GET,"-","-","-","req-w","req-w","1,561.275","wrapper-backend","wrapper-backend",200,"Nov 21, 2025 @ 11:39:35.904","/api/notifications?","/api/notifications?","wrapper-backend","wrapper-backend"
"Nov 21, 2025 @ 11:39:34.343",UskIpZoBKNps3ga0RvaK,"app-logs-2025.11.21","-",development,development,info,info,"Incoming request","Incoming request",development,development,"-","-","-","-","localhost:3000","localhost:3000",GET,GET,"-","127.0.0.1","127.0.0.1","req-w","req-w","-","wrapper-backend","wrapper-backend","-","Nov 21, 2025 @ 11:39:34.343","/api/notifications?","/api/notifications?","wrapper-backend","wrapper-backend"
"Nov 21, 2025 @ 11:39:30.678",UckIpZoBKNps3ga0OPY3,"app-logs-2025.11.21","-",development,development,info,info,"Request completed","Request completed",development,development,"-","-","-","-","-","-",GET,GET,"-","-","-","req-v","req-v","1,297.678","wrapper-backend","wrapper-backend",200,"Nov 21, 2025 @ 11:39:30.677","/api/notifications/unread-count","/api/notifications/unread-count","wrapper-backend","wrapper-backend"
"Nov 21, 2025 @ 11:39:29.379",UMkIpZoBKNps3ga0Nvaw,"app-logs-2025.11.21","-",development,development,info,info,"Incoming request","Incoming request",development,development,"-","-","-","-","localhost:3000","localhost:3000",GET,GET,"-","127.0.0.1","127.0.0.1","req-v","req-v","-","wrapper-backend","wrapper-backend","-","Nov 21, 2025 @ 11:39:29.379","/api/notifications/unread-count","/api/notifications/unread-count","wrapper-backend","wrapper-backend"
"Nov 21, 2025 @ 11:39:29.377","T8kIpZoBKNps3ga0M_Yk","app-logs-2025.11.21","-",development,development,info,info,"Request completed","Request completed",development,development,"-","-","-","-","-","-",GET,GET,"-","-","-","req-u","req-u","1,099.872","wrapper-backend","wrapper-backend",200,"Nov 21, 2025 @ 11:39:29.377","/api/notifications/unread-count","/api/notifications/unread-count","wrapper-backend","wrapper-backend"
"Nov 21, 2025 @ 11:39:28.277","TskIpZoBKNps3ga0L_Yi","app-logs-2025.11.21","-",development,development,info,info,"Incoming request","Incoming request",development,development,"-","-","-","-","localhost:3000","localhost:3000",GET,GET,"-","127.0.0.1","127.0.0.1","req-u","req-u","-","wrapper-backend","wrapper-backend","-","Nov 21, 2025 @ 11:39:28.277","/api/notifications/unread-count","/api/notifications/unread-count","wrapper-backend","wrapper-backend"
"Nov 21, 2025 @ 11:39:28.276",TckIpZoBKNps3ga0LvbW,"app-logs-2025.11.21","-",development,development,info,info,"Request completed","Request completed",development,development,"-","-","-","-","-","-",GET,GET,"-","-","-","req-t","req-t","1,932.593","wrapper-backend","wrapper-backend",200,"Nov 21, 2025 @ 11:39:28.275","/api/notifications/unread-count","/api/notifications/unread-count","wrapper-backend","wrapper-backend"
"Nov 21, 2025 @ 11:39:26.343","TMkIpZoBKNps3ga0J_ZK","app-logs-2025.11.21","-",development,development,info,info,"Incoming request","Incoming request",development,development,"-","-","-","-","localhost:3000","localhost:3000",GET,GET,"-","127.0.0.1","127.0.0.1","req-t","req-t","-","wrapper-backend","wrapper-backend","-","Nov 21, 2025 @ 11:39:26.343","/api/notifications/unread-count","/api/notifications/unread-count","wrapper-backend","wrapper-backend"
"Nov 21, 2025 @ 11:39:23.378","S8kIpZoBKNps3ga0G_a0","app-logs-2025.11.21","-",development,development,info,info,"Request completed","Request completed",development,development,"-","-","-","-","-","-",GET,GET,"-","-","-","req-s","req-s","2,032.514","wrapper-backend","wrapper-backend",200,"Nov 21, 2025 @ 11:39:23.377","/api/notifications?","/api/notifications?","wrapper-backend","wrapper-backend"
"Nov 21, 2025 @ 11:39:21.345","SskIpZoBKNps3ga0E_bH","app-logs-2025.11.21","-",development,development,info,info,"Incoming request","Incoming request",development,development,"-","-","-","-","localhost:3000","localhost:3000",GET,GET,"-","127.0.0.1","127.0.0.1","req-s","req-s","-","wrapper-backend","wrapper-backend","-","Nov 21, 2025 @ 11:39:21.345","/api/notifications?","/api/notifications?","wrapper-backend","wrapper-backend"
"Nov 21, 2025 @ 11:39:10.826",SckHpZoBKNps3ga07Pa6,"app-logs-2025.11.21","-",development,development,info,info,"Request completed","Request completed",development,development,"-","-","-","-","-","-",GET,GET,"-","-","-","req-r","req-r","1,480.66","wrapper-backend","wrapper-backend",200,"Nov 21, 2025 @ 11:39:10.826","/api/notifications?","/api/notifications?","wrapper-backend","wrapper-backend"
"Nov 21, 2025 @ 11:39:09.345",SMkHpZoBKNps3ga05Pbk,"app-logs-2025.11.21","-",development,development,info,info,"Incoming request","Incoming request",development,development,"-","-","-","-","localhost:3000","localhost:3000",GET,GET,"-","127.0.0.1","127.0.0.1","req-r","req-r","-","wrapper-backend","wrapper-backend","-","Nov 21, 2025 @ 11:39:09.345","/api/notifications?","/api/notifications?","wrapper-backend","wrapper-backend"
"Nov 21, 2025 @ 11:38:58.672",R8kHpZoBKNps3ga0vfbj,"app-logs-2025.11.21","-",development,development,info,info,"Request completed","Request completed",development,development,"-","-","-","-","-","-",GET,GET,"-","-","-","req-q","req-q","1,327.343","wrapper-backend","wrapper-backend",200,"Nov 21, 2025 @ 11:38:58.672","/api/notifications?","/api/notifications?","wrapper-backend","wrapper-backend"
"Nov 21, 2025 @ 11:38:57.345",RskHpZoBKNps3ga0tvYG,"app-logs-2025.11.21","-",development,development,info,info,"Incoming request","Incoming request",development,development,"-","-","-","-","localhost:3000","localhost:3000",GET,GET,"-","127.0.0.1","127.0.0.1","req-q","req-q","-","wrapper-backend","wrapper-backend","-","Nov 21, 2025 @ 11:38:57.344","/api/notifications?","/api/notifications?","wrapper-backend","wrapper-backend"
"Nov 21, 2025 @ 11:38:46.432","RckHpZoBKNps3ga0i_Zi","app-logs-2025.11.21","-",development,development,info,info,"Request completed","Request completed",development,development,"-","-","-","-","-","-",GET,GET,"-","-","-","req-p","req-p","2,087.895","wrapper-backend","wrapper-backend",200,"Nov 21, 2025 @ 11:38:46.432","/api/notifications?","/api/notifications?","wrapper-backend","wrapper-backend"
"Nov 21, 2025 @ 11:38:44.345","RMkHpZoBKNps3ga0g_Y9","app-logs-2025.11.21","-",development,development,info,info,"Incoming request","Incoming request",development,development,"-","-","-","-","localhost:3000","localhost:3000",GET,GET,"-","127.0.0.1","127.0.0.1","req-p","req-p","-","wrapper-backend","wrapper-backend","-","Nov 21, 2025 @ 11:38:44.344","/api/notifications?","/api/notifications?","wrapper-backend","wrapper-backend"
"Nov 21, 2025 @ 11:38:34.132","Q8kHpZoBKNps3ga0W_ZV","app-logs-2025.11.21","-",development,development,info,info,"Request completed","Request completed",development,development,"-","-","-","-","-","-",GET,GET,"-","-","-","req-o","req-o","2,785.265","wrapper-backend","wrapper-backend",200,"Nov 21, 2025 @ 11:38:34.132","/api/notifications?","/api/notifications?","wrapper-backend","wrapper-backend"
"Nov 21, 2025 @ 11:38:31.347",QskHpZoBKNps3ga0UPZ4,"app-logs-2025.11.21","-",development,development,info,info,"Incoming request","Incoming request",development,development,"-","-","-","-","localhost:3000","localhost:3000",GET,GET,"-","127.0.0.1","127.0.0.1","req-o","req-o","-","wrapper-backend","wrapper-backend","-","Nov 21, 2025 @ 11:38:31.346","/api/notifications?","/api/notifications?","wrapper-backend","wrapper-backend"
"Nov 21, 2025 @ 11:38:20.377",QckHpZoBKNps3ga0Jfac,"app-logs-2025.11.21","-",development,development,info,info,"Request completed","Request completed",development,development,"-","-","-","-","-","-",GET,GET,"-","-","-","req-n","req-n","3,030.909","wrapper-backend","wrapper-backend",200,"Nov 21, 2025 @ 11:38:20.376","/api/notifications?","/api/notifications?","wrapper-backend","wrapper-backend"
"Nov 21, 2025 @ 11:38:17.346",QMkHpZoBKNps3ga0GfbG,"app-logs-2025.11.21","-",development,development,info,info,"Incoming request","Incoming request",development,development,"-","-","-","-","localhost:3000","localhost:3000",GET,GET,"-","127.0.0.1","127.0.0.1","req-n","req-n","-","wrapper-backend","wrapper-backend","-","Nov 21, 2025 @ 11:38:17.345","/api/notifications?","/api/notifications?","wrapper-backend","wrapper-backend"
"Nov 21, 2025 @ 11:38:06.465",P8kGpZoBKNps3ga09vbJ,"app-logs-2025.11.21","-",development,development,info,info,"Request completed","Request completed",development,development,"-","-","-","-","-","-",GET,GET,"-","-","-","req-m","req-m","1,119.622","wrapper-backend","wrapper-backend",200,"Nov 21, 2025 @ 11:38:06.464","/api/notifications?","/api/notifications?","wrapper-backend","wrapper-backend"
"Nov 21, 2025 @ 11:38:05.345",PckGpZoBKNps3ga07vbu,"app-logs-2025.11.21","-",development,development,info,info,"Incoming request","Incoming request",development,development,"-","-","-","-","localhost:3000","localhost:3000",GET,GET,"-","127.0.0.1","127.0.0.1","req-m","req-m","-","wrapper-backend","wrapper-backend","-","Nov 21, 2025 @ 11:38:05.345","/api/notifications?","/api/notifications?","wrapper-backend","wrapper-backend"
"Nov 21, 2025 @ 11:38:04.463",PskGpZoBKNps3ga07vbu,"app-logs-2025.11.21","-",development,development,info,info,"Request completed","Request completed",development,development,"-","-","-","-","-","-",GET,GET,"-","-","-","req-l","req-l","1,193.044","wrapper-backend","wrapper-backend",200,"Nov 21, 2025 @ 11:38:04.462","/api/notifications/unread-count","/api/notifications/unread-count","wrapper-backend","wrapper-backend"
"Nov 21, 2025 @ 11:38:03.269","O8kGpZoBKNps3ga05_YV","app-logs-2025.11.21","-",development,development,info,info,"Incoming request","Incoming request",development,development,"-","-","-","-","localhost:3000","localhost:3000",GET,GET,"-","127.0.0.1","127.0.0.1","req-l","req-l","-","wrapper-backend","wrapper-backend","-","Nov 21, 2025 @ 11:38:03.269","/api/notifications/unread-count","/api/notifications/unread-count","wrapper-backend","wrapper-backend"
"Nov 21, 2025 @ 11:38:03.267","PMkGpZoBKNps3ga05_YV","app-logs-2025.11.21","-",development,development,info,info,"Request completed","Request completed",development,development,"-","-","-","-","-","-",GET,GET,"-","-","-","req-k","req-k","1,299.818","wrapper-backend","wrapper-backend",200,"Nov 21, 2025 @ 11:38:03.267","/api/notifications/unread-count","/api/notifications/unread-count","wrapper-backend","wrapper-backend"
"Nov 21, 2025 @ 11:38:01.967","OckGpZoBKNps3ga03_Y7","app-logs-2025.11.21","-",development,development,info,info,"Incoming request","Incoming request",development,development,"-","-","-","-","localhost:3000","localhost:3000",GET,GET,"-","127.0.0.1","127.0.0.1","req-k","req-k","-","wrapper-backend","wrapper-backend","-","Nov 21, 2025 @ 11:38:01.967","/api/notifications/unread-count","/api/notifications/unread-count","wrapper-backend","wrapper-backend"
"Nov 21, 2025 @ 11:38:01.965","OskGpZoBKNps3ga03_Y7","app-logs-2025.11.21","-",development,development,info,info,"Request completed","Request completed",development,development,"-","-","-","-","-","-",GET,GET,"-","-","-","req-j","req-j","1,619.173","wrapper-backend","wrapper-backend",200,"Nov 21, 2025 @ 11:38:01.964","/api/notifications/unread-count","/api/notifications/unread-count","wrapper-backend","wrapper-backend"
"Nov 21, 2025 @ 11:38:00.345","OMkGpZoBKNps3ga01_Zf","app-logs-2025.11.21","-",development,development,info,info,"Incoming request","Incoming request",development,development,"-","-","-","-","localhost:3000","localhost:3000",GET,GET,"-","127.0.0.1","127.0.0.1","req-j","req-j","-","wrapper-backend","wrapper-backend","-","Nov 21, 2025 @ 11:38:00.345","/api/notifications/unread-count","/api/notifications/unread-count","wrapper-backend","wrapper-backend"
"Nov 21, 2025 @ 11:37:54.385",N8kGpZoBKNps3ga0wPYP,"app-logs-2025.11.21","-",development,development,info,info,"Request completed","Request completed",development,development,"-","-","-","-","-","-",GET,GET,"-","-","-","req-i","req-i","2,035.894","wrapper-backend","wrapper-backend",200,"Nov 21, 2025 @ 11:37:54.384","/api/notifications?","/api/notifications?","wrapper-backend","wrapper-backend"
"Nov 21, 2025 @ 11:37:52.349",NskGpZoBKNps3ga0uPYe,"app-logs-2025.11.21","-",development,development,info,info,"Incoming request","Incoming request",development,development,"-","-","-","-","localhost:3000","localhost:3000",GET,GET,"-","127.0.0.1","127.0.0.1","req-i","req-i","-","wrapper-backend","wrapper-backend","-","Nov 21, 2025 @ 11:37:52.348","/api/notifications?","/api/notifications?","wrapper-backend","wrapper-backend"
"Nov 21, 2025 @ 11:37:41.621",NckGpZoBKNps3ga0kfYR,"app-logs-2025.11.21","-",development,development,info,info,"Request completed","Request completed",development,development,"-","-","-","-","-","-",GET,GET,"-","-","-","req-h","req-h","1,274.654","wrapper-backend","wrapper-backend",200,"Nov 21, 2025 @ 11:37:41.620","/api/notifications?","/api/notifications?","wrapper-backend","wrapper-backend"
"Nov 21, 2025 @ 11:37:40.346",NMkGpZoBKNps3ga0ifY4,"app-logs-2025.11.21","-",development,development,info,info,"Incoming request","Incoming request",development,development,"-","-","-","-","localhost:3000","localhost:3000",GET,GET,"-","127.0.0.1","127.0.0.1","req-h","req-h","-","wrapper-backend","wrapper-backend","-","Nov 21, 2025 @ 11:37:40.345","/api/notifications?","/api/notifications?","wrapper-backend","wrapper-backend"
"Nov 21, 2025 @ 11:37:34.131",MckGpZoBKNps3ga0cvYC,"app-logs-2025.11.21","-",development,development,info,info,"Request completed","Request completed",development,development,"-","-","-","-","-","-",GET,GET,"-","-","-","req-g","req-g","1,223.558","wrapper-backend","wrapper-backend",200,"Nov 21, 2025 @ 11:37:34.131","/api/notifications/unread-count","/api/notifications/unread-count","wrapper-backend","wrapper-backend"
"Nov 21, 2025 @ 11:37:32.908",MskGpZoBKNps3ga0cvYC,"app-logs-2025.11.21","-",development,development,info,info,"Incoming request","Incoming request",development,development,"-","-","-","-","localhost:3000","localhost:3000",GET,GET,"-","127.0.0.1","127.0.0.1","req-g","req-g","-","wrapper-backend","wrapper-backend","-","Nov 21, 2025 @ 11:37:32.907","/api/notifications/unread-count","/api/notifications/unread-count","wrapper-backend","wrapper-backend"
"Nov 21, 2025 @ 11:37:32.906",M8kGpZoBKNps3ga0cvYC,"app-logs-2025.11.21","-",development,development,info,info,"Request completed","Request completed",development,development,"-","-","-","-","-","-",GET,GET,"-","-","-","req-f","req-f","1,019.367","wrapper-backend","wrapper-backend",200,"Nov 21, 2025 @ 11:37:32.905","/api/notifications/unread-count","/api/notifications/unread-count","wrapper-backend","wrapper-backend"
"Nov 21, 2025 @ 11:37:31.886",LckGpZoBKNps3ga0avYo,"app-logs-2025.11.21","-",development,development,info,info,"Incoming request","Incoming request",development,development,"-","-","-","-","localhost:3000","localhost:3000",GET,GET,"-","127.0.0.1","127.0.0.1","req-f","req-f","-","wrapper-backend","wrapper-backend","-","Nov 21, 2025 @ 11:37:31.886","/api/notifications/unread-count","/api/notifications/unread-count","wrapper-backend","wrapper-backend"
"Nov 21, 2025 @ 11:37:31.884",LskGpZoBKNps3ga0avYo,"app-logs-2025.11.21","-",development,development,info,info,"Request completed","Request completed",development,development,"-","-","-","-","-","-",GET,GET,"-","-","-","req-e","req-e","855.213","wrapper-backend","wrapper-backend",200,"Nov 21, 2025 @ 11:37:31.884","/api/notifications/unread-count","/api/notifications/unread-count","wrapper-backend","wrapper-backend"
"Nov 21, 2025 @ 11:37:31.029",L8kGpZoBKNps3ga0avYo,"app-logs-2025.11.21","-",development,development,info,info,"Incoming request","Incoming request",development,development,"-","-","-","-","localhost:3000","localhost:3000",GET,GET,"-","127.0.0.1","127.0.0.1","req-e","req-e","-","wrapper-backend","wrapper-backend","-","Nov 21, 2025 @ 11:37:31.029","/api/notifications/unread-count","/api/notifications/unread-count","wrapper-backend","wrapper-backend"
"Nov 21, 2025 @ 11:37:31.027",MMkGpZoBKNps3ga0avYo,"app-logs-2025.11.21","-",development,development,info,info,"Request completed","Request completed",development,development,"-","-","-","-","-","-",GET,GET,"-","-","-","req-d","req-d","955.63","wrapper-backend","wrapper-backend",200,"Nov 21, 2025 @ 11:37:31.026","/api/notifications/unread-count","/api/notifications/unread-count","wrapper-backend","wrapper-backend"
"Nov 21, 2025 @ 11:37:30.384",JMkGpZoBKNps3ga0YvZO,"app-logs-2025.11.21","-",development,development,info,info,"Request completed","Request completed",development,development,"-","-","-","-","-","-",GET,GET,"-","-","-","req-9","req-9","3,537.864","wrapper-backend","wrapper-backend",200,"Nov 21, 2025 @ 11:37:30.384","/api/credits/current","/api/credits/current","wrapper-backend","wrapper-backend"
"Nov 21, 2025 @ 11:37:30.163",JckGpZoBKNps3ga0YvZO,"app-logs-2025.11.21","-",development,development,info,info,"Request completed","Request completed",development,development,"-","-","-","-","-","-",GET,GET,"-","-","-","req-a","req-a","3,312.807","wrapper-backend","wrapper-backend",200,"Nov 21, 2025 @ 11:37:30.163","/api/api/subscriptions/current","/api/api/subscriptions/current","wrapper-backend","wrapper-backend"
"Nov 21, 2025 @ 11:37:30.071",JskGpZoBKNps3ga0YvZO,"app-logs-2025.11.21","-",development,development,info,info,"Incoming request","Incoming request",development,development,"-","-","-","-","localhost:3000","localhost:3000",GET,GET,"-","127.0.0.1","127.0.0.1","req-d","req-d","-","wrapper-backend","wrapper-backend","-","Nov 21, 2025 @ 11:37:30.071","/api/notifications/unread-count","/api/notifications/unread-count","wrapper-backend","wrapper-backend"
"Nov 21, 2025 @ 11:37:30.069",J8kGpZoBKNps3ga0YvZO,"app-logs-2025.11.21","-",development,development,info,info,"Request completed","Request completed",development,development,"-","-","-","-","-","-",GET,GET,"-","-","-","req-c","req-c","980.015","wrapper-backend","wrapper-backend",200,"Nov 21, 2025 @ 11:37:30.069","/api/notifications/unread-count","/api/notifications/unread-count","wrapper-backend","wrapper-backend"
"Nov 21, 2025 @ 11:37:29.874",KMkGpZoBKNps3ga0YvZO,"app-logs-2025.11.21","-",development,development,info,info,"Request completed","Request completed",development,development,"-","-","-","-","-","-",GET,GET,"-","-","-","req-8","req-8","3,028.155","wrapper-backend","wrapper-backend",200,"Nov 21, 2025 @ 11:37:29.873","/api/admin/entity-scope","/api/admin/entity-scope","wrapper-backend","wrapper-backend"
"Nov 21, 2025 @ 11:37:29.486",KckGpZoBKNps3ga0YvZO,"app-logs-2025.11.21","-",development,development,info,info,"Request completed","Request completed",development,development,"-","-","-","-","-","-",GET,GET,"-","-","-","req-b","req-b","1,132.939","wrapper-backend","wrapper-backend",200,"Nov 21, 2025 @ 11:37:29.486","/api/notifications?","/api/notifications?","wrapper-backend","wrapper-backend"
"Nov 21, 2025 @ 11:37:29.300",KskGpZoBKNps3ga0YvZO,"app-logs-2025.11.21","-",development,development,info,info,"Request completed","Request completed",development,development,"-","-","-","-","-","-",GET,GET,"-","-","-","req-7","req-7","2,458.796","wrapper-backend","wrapper-backend",200,"Nov 21, 2025 @ 11:37:29.300","/api/onboarding/status","/api/onboarding/status","wrapper-backend","wrapper-backend"
"Nov 21, 2025 @ 11:37:29.089",K8kGpZoBKNps3ga0YvZO,"app-logs-2025.11.21","-",development,development,info,info,"Incoming request","Incoming request",development,development,"-","-","-","-","localhost:3000","localhost:3000",GET,GET,"-","127.0.0.1","127.0.0.1","req-c","req-c","-","wrapper-backend","wrapper-backend","-","Nov 21, 2025 @ 11:37:29.089","/api/notifications/unread-count","/api/notifications/unread-count","wrapper-backend","wrapper-backend"
"Nov 21, 2025 @ 11:37:29.085",LMkGpZoBKNps3ga0YvZO,"app-logs-2025.11.21","-",development,development,info,info,"Request completed","Request completed",development,development,"-","-","-","-","-","-",GET,GET,"-","-","-","req-6","req-6","2,248.46","wrapper-backend","wrapper-backend",200,"Nov 21, 2025 @ 11:37:29.084","/api/admin/auth-status","/api/admin/auth-status","wrapper-backend","wrapper-backend"
"Nov 21, 2025 @ 11:37:28.353",HckGpZoBKNps3ga0WvZ3,"app-logs-2025.11.21","-",development,development,info,info,"Incoming request","Incoming request",development,development,"-","-","-","-","localhost:3000","localhost:3000",GET,GET,"-","127.0.0.1","127.0.0.1","req-b","req-b","-","wrapper-backend","wrapper-backend","-","Nov 21, 2025 @ 11:37:28.353","/api/notifications?","/api/notifications?","wrapper-backend","wrapper-backend"
"Nov 21, 2025 @ 11:37:28.350",HskGpZoBKNps3ga0WvZ3,"app-logs-2025.11.21","-",development,development,info,info,"Request completed","Request completed",development,development,"-","-","-","-","-","-",GET,GET,"-","-","-","req-5","req-5","1,994.932","wrapper-backend","wrapper-backend",200,"Nov 21, 2025 @ 11:37:28.348","/api/notifications/unread-count","/api/notifications/unread-count","wrapper-backend","wrapper-backend"
"Nov 21, 2025 @ 11:37:26.851",H8kGpZoBKNps3ga0WvZ3,"app-logs-2025.11.21","-",development,development,info,info,"Incoming request","Incoming request",development,development,"-","-","-","-","localhost:3000","localhost:3000",GET,GET,"-","127.0.0.1","127.0.0.1","req-a","req-a","-","wrapper-backend","wrapper-backend","-","Nov 21, 2025 @ 11:37:26.850","/api/api/subscriptions/current","/api/api/subscriptions/current","wrapper-backend","wrapper-backend"
"Nov 21, 2025 @ 11:37:26.846",IMkGpZoBKNps3ga0WvZ3,"app-logs-2025.11.21","-",development,development,info,info,"Incoming request","Incoming request",development,development,"-","-","-","-","localhost:3000","localhost:3000",GET,GET,"-","127.0.0.1","127.0.0.1","req-9","req-9","-","wrapper-backend","wrapper-backend","-","Nov 21, 2025 @ 11:37:26.846","/api/credits/current","/api/credits/current","wrapper-backend","wrapper-backend"
"Nov 21, 2025 @ 11:37:26.845",IckGpZoBKNps3ga0WvZ3,"app-logs-2025.11.21","-",development,development,info,info,"Incoming request","Incoming request",development,development,"-","-","-","-","localhost:3000","localhost:3000",GET,GET,"-","127.0.0.1","127.0.0.1","req-8","req-8","-","wrapper-backend","wrapper-backend","-","Nov 21, 2025 @ 11:37:26.844","/api/admin/entity-scope","/api/admin/entity-scope","wrapper-backend","wrapper-backend"
"Nov 21, 2025 @ 11:37:26.842",IskGpZoBKNps3ga0WvZ3,"app-logs-2025.11.21","-",development,development,info,info,"Incoming request","Incoming request",development,development,"-","-","-","-","localhost:3000","localhost:3000",GET,GET,"-","127.0.0.1","127.0.0.1","req-7","req-7","-","wrapper-backend","wrapper-backend","-","Nov 21, 2025 @ 11:37:26.841","/api/onboarding/status","/api/onboarding/status","wrapper-backend","wrapper-backend"
"Nov 21, 2025 @ 11:37:26.836",I8kGpZoBKNps3ga0WvZ3,"app-logs-2025.11.21","-",development,development,info,info,"Incoming request","Incoming request",development,development,"-","-","-","-","localhost:3000","localhost:3000",GET,GET,"-","127.0.0.1","127.0.0.1","req-6","req-6","-","wrapper-backend","wrapper-backend","-","Nov 21, 2025 @ 11:37:26.836","/api/admin/auth-status","/api/admin/auth-status","wrapper-backend","wrapper-backend"
"Nov 21, 2025 @ 11:37:26.353",HMkGpZoBKNps3ga0Uvaa,"app-logs-2025.11.21","-",development,development,info,info,"Incoming request","Incoming request",development,development,"-","-","-","-","localhost:3000","localhost:3000",GET,GET,"-","127.0.0.1","127.0.0.1","req-5","req-5","-","wrapper-backend","wrapper-backend","-","Nov 21, 2025 @ 11:37:26.353","/api/notifications/unread-count","/api/notifications/unread-count","wrapper-backend","wrapper-backend"
"Nov 21, 2025 @ 11:37:16.783","G8kGpZoBKNps3ga0L_aI","app-logs-2025.11.21","-",development,development,info,info,"Request completed","Request completed",development,development,"-","-","-","-","-","-",GET,GET,"-","-","-","req-4","req-4","1,434.719","wrapper-backend","wrapper-backend",200,"Nov 21, 2025 @ 11:37:16.782","/api/notifications?","/api/notifications?","wrapper-backend","wrapper-backend"
"Nov 21, 2025 @ 11:37:15.348","GskGpZoBKNps3ga0J_aj","app-logs-2025.11.21","-",development,development,info,info,"Incoming request","Incoming request",development,development,"-","-","-","-","localhost:3000","localhost:3000",GET,GET,"-","127.0.0.1","127.0.0.1","req-4","req-4","-","wrapper-backend","wrapper-backend","-","Nov 21, 2025 @ 11:37:15.347","/api/notifications?","/api/notifications?","wrapper-backend","wrapper-backend"
"Nov 21, 2025 @ 11:37:05.152",GckGpZoBKNps3ga0APaW,"app-logs-2025.11.21","-",development,development,info,info,"Request completed","Request completed",development,development,"-","-","-","-","-","-",GET,GET,"-","-","-","req-3","req-3","1,804.04","wrapper-backend","wrapper-backend",200,"Nov 21, 2025 @ 11:37:05.151","/api/notifications?","/api/notifications?","wrapper-backend","wrapper-backend"
"Nov 21, 2025 @ 11:37:03.348","GMkFpZoBKNps3ga0-Pa8","app-logs-2025.11.21","-",development,development,info,info,"Incoming request","Incoming request",development,development,"-","-","-","-","localhost:3000","localhost:3000",GET,GET,"-","127.0.0.1","127.0.0.1","req-3","req-3","-","wrapper-backend","wrapper-backend","-","Nov 21, 2025 @ 11:37:03.347","/api/notifications?","/api/notifications?","wrapper-backend","wrapper-backend"
"Nov 21, 2025 @ 11:36:52.521",FskFpZoBKNps3ga0zvZp,"app-logs-2025.11.21","-",development,development,info,info,"Request completed","Request completed",development,development,"-","-","-","-","-","-",GET,GET,"-","-","-","req-2","req-2","2,174.129","wrapper-backend","wrapper-backend",200,"Nov 21, 2025 @ 11:36:52.521","/api/notifications?","/api/notifications?","wrapper-backend","wrapper-backend"
"Nov 21, 2025 @ 11:36:50.347",FckFpZoBKNps3ga0xfbz,"app-logs-2025.11.21","-",development,development,info,info,"Incoming request","Incoming request",development,development,"-","-","-","-","localhost:3000","localhost:3000",GET,GET,"-","127.0.0.1","127.0.0.1","req-2","req-2","-","wrapper-backend","wrapper-backend","-","Nov 21, 2025 @ 11:36:50.347","/api/notifications?","/api/notifications?","wrapper-backend","wrapper-backend"
"Nov 21, 2025 @ 11:36:39.415","FMkFpZoBKNps3ga0m_Y6","app-logs-2025.11.21","-",development,development,info,info,"Request completed","Request completed",development,development,"-","-","-","-","-","-",GET,GET,"-","-","-","req-1","req-1","6,065.249","wrapper-backend","wrapper-backend",200,"Nov 21, 2025 @ 11:36:39.414","/api/notifications?","/api/notifications?","wrapper-backend","wrapper-backend"
"Nov 21, 2025 @ 11:36:33.349","E8kFpZoBKNps3ga0h_Zi","app-logs-2025.11.21","-",development,development,info,info,"Incoming request","Incoming request",development,development,"-","-","-","-","localhost:3000","localhost:3000",GET,GET,"-","127.0.0.1","127.0.0.1","req-1","req-1","-","wrapper-backend","wrapper-backend","-","Nov 21, 2025 @ 11:36:33.349","/api/notifications?","/api/notifications?","wrapper-backend","wrapper-backend"
"Nov 21, 2025 @ 11:36:32.307","EskFpZoBKNps3ga0f_aC","app-logs-2025.11.21","-",development,development,info,info,"Server started successfully","Server started successfully",development,development,development,development,"0.0.0.0","0.0.0.0","-","-","-","-","3,000","-","-","-","-","-","wrapper-backend","wrapper-backend","-","Nov 21, 2025 @ 11:36:32.306","-","-","wrapper-backend","wrapper-backend"
"Nov 21, 2025 @ 11:36:30.392","EMkFpZoBKNps3ga0e_Yc","app-logs-2025.11.21","-",development,development,info,info,"Incoming request","Incoming request",development,development,"-","-","-","-","localhost:3000","localhost:3000",GET,GET,"-","127.0.0.1","127.0.0.1","req-3","req-3","-","wrapper-backend","wrapper-backend","-","Nov 21, 2025 @ 11:36:30.392","/api/notifications/unread-count","/api/notifications/unread-count","wrapper-backend","wrapper-backend"
"Nov 21, 2025 @ 11:36:30.389","EckFpZoBKNps3ga0e_Yc","app-logs-2025.11.21","-",development,development,info,info,"Request completed","Request completed",development,development,"-","-","-","-","-","-",GET,GET,"-","-","-","req-2","req-2","1,246.173","wrapper-backend","wrapper-backend",200,"Nov 21, 2025 @ 11:36:30.388","/api/notifications/unread-count","/api/notifications/unread-count","wrapper-backend","wrapper-backend"
"Nov 21, 2025 @ 11:36:29.142",D8kFpZoBKNps3ga0dvb7,"app-logs-2025.11.21","-",development,development,info,info,"Incoming request","Incoming request",development,development,"-","-","-","-","localhost:3000","localhost:3000",GET,GET,"-","127.0.0.1","127.0.0.1","req-2","req-2","-","wrapper-backend","wrapper-backend","-","Nov 21, 2025 @ 11:36:29.142","/api/notifications/unread-count","/api/notifications/unread-count","wrapper-backend","wrapper-backend"
"Nov 21, 2025 @ 11:36:29.136","DskFpZoBKNps3ga0c_YU","app-logs-2025.11.21","-",development,development,info,info,"Request completed","Request completed",development,development,"-","-","-","-","-","-",GET,GET,"-","-","-","req-1","req-1","2,754.136","wrapper-backend","wrapper-backend",200,"Nov 21, 2025 @ 11:36:29.135","/api/notifications/unread-count","/api/notifications/unread-count","wrapper-backend","wrapper-backend"
"Nov 21, 2025 @ 11:36:26.382",DckFpZoBKNps3ga0aPal,"app-logs-2025.11.21","-",development,development,info,info,"Incoming request","Incoming request",development,development,"-","-","-","-","localhost:3000","localhost:3000",GET,GET,"-","127.0.0.1","127.0.0.1","req-1","req-1","-","wrapper-backend","wrapper-backend","-","Nov 21, 2025 @ 11:36:26.381","/api/notifications/unread-count","/api/notifications/unread-count","wrapper-backend","wrapper-backend"
"Nov 21, 2025 @ 11:36:24.106","DMkFpZoBKNps3ga0X_Z7","app-logs-2025.11.21","-",development,development,info,info,"Server started successfully","Server started successfully",development,development,development,development,"0.0.0.0","0.0.0.0","-","-","-","-","3,000","-","-","-","-","-","wrapper-backend","wrapper-backend","-","Nov 21, 2025 @ 11:36:24.104","-","-","wrapper-backend","wrapper-backend"
"Nov 21, 2025 @ 11:36:19.346",C8kFpZoBKNps3ga0TPbr,"app-logs-2025.11.21","-",development,development,info,info,"Incoming request","Incoming request",development,development,"-","-","-","-","localhost:3000","localhost:3000",GET,GET,"-","127.0.0.1","127.0.0.1","req-1","req-1","-","wrapper-backend","wrapper-backend","-","Nov 21, 2025 @ 11:36:19.346","/api/notifications?","/api/notifications?","wrapper-backend","wrapper-backend"
"Nov 21, 2025 @ 11:36:12.039",CskFpZoBKNps3ga0MPZQ,"app-logs-2025.11.21","-",development,development,info,info,"Server started successfully","Server started successfully",development,development,development,development,"0.0.0.0","0.0.0.0","-","-","-","-","3,000","-","-","-","-","-","wrapper-backend","wrapper-backend","-","Nov 21, 2025 @ 11:36:12.037","-","-","wrapper-backend","wrapper-backend"
"Nov 21, 2025 @ 11:36:10.320",CckFpZoBKNps3ga0Kfaa,"app-logs-2025.11.21","-",development,development,info,info,"Server started successfully","Server started successfully",development,development,development,development,"0.0.0.0","0.0.0.0","-","-","-","-","3,000","-","-","-","-","-","wrapper-backend","wrapper-backend","-","Nov 21, 2025 @ 11:36:10.318","-","-","wrapper-backend","wrapper-backend"
"Nov 21, 2025 @ 11:36:07.350",CMkFpZoBKNps3ga0HvYa,"app-logs-2025.11.21","-",development,development,info,info,"Incoming request","Incoming request",development,development,"-","-","-","-","localhost:3000","localhost:3000",GET,GET,"-","127.0.0.1","127.0.0.1","req-1","req-1","-","wrapper-backend","wrapper-backend","-","Nov 21, 2025 @ 11:36:07.350","/api/notifications?","/api/notifications?","wrapper-backend","wrapper-backend"
"Nov 21, 2025 @ 11:36:05.363",B8kFpZoBKNps3ga0FvY8,"app-logs-2025.11.21","-",development,development,info,info,"Server started successfully","Server started successfully",development,development,development,development,"0.0.0.0","0.0.0.0","-","-","-","-","3,000","-","-","-","-","-","wrapper-backend","wrapper-backend","-","Nov 21, 2025 @ 11:36:05.362","-","-","wrapper-backend","wrapper-backend"
